01100,CONFECCIONES EXTERIORES,1,OUTERWEAR,VÊTEMENTS D'EXTÉRIEUR
01101,TRAJES Y SACOS SPORT,1,SPORT SUITS AND JACKETS,TENUES DE SPORT ET VESTES
01102,ABRIGOS,1,COATS,MANTEAUX
01103,CHAQUETAS,1,JACKETS,VESTES
01104,CHALECOS,1,VESTS,GILETS
01105,JEANS,1,JEANS,JEANS
01106,PANTALONES DE VESTIR,1,DRESS PANTS,PANTALONS DE COSTUME
01107,PANTALONES DE SPORT,1,SPORTS TROUSERS,PANTALONS DE SPORT
01108,CAMISAS DE VESTIR,1,DRESS SHIRTS,CHEMISES HABILLÉES
01109,CAMISAS DE SPORT,1,SPORT SHIRTS,MAILLOTS DE SPORT
01110,PULLOVERS T-SHIRTS,1,PULLOVERS T-SHIRTS,T-SHIRTS À PULL
01111,PULLOVERS P-SHIRTS,1,PULLOVERS P-SHIRTS,PULLS P-SHIRTS
01112,CAMISETILLAS,1,T-SHIRTS,T-SHIRTS
01113,GUAYABERAS,1,GUAYABERAS,GUAYABÉRAS
01114,CONJUNTOS,1,SETS,ENSEMBLES
01115,SHORT,1,SHORT,COURT
01116,BERMUDAS,1,BERMUDA,BERMUDES
01117,PRENDAS DE CALENTAMIENTO,1,WARMING CLOTHES,VÊTEMENTS CHAUFFANTS
01118,TRUSAS,1,BRIEFS,SLIPS
01200,CONFECCIONES INTERIORES,1,INTERIOR FABRICS,TISSUS D'INTÉRIEUR
01201,CALZONCILLOS,1,UNDERPANTS,SLIP
01202,CAMISETAS,1,T-SHIRTS,T-SHIRTS
01203,CONJUNTO DE  ROPA INTERIOR,1,UNDERWEAR SET,ENSEMBLE DE SOUS-VÊTEMENTS
01204,PIJAMAS,1,PAJAMAS,PYJAMAS
01205,MEDIAS,1,SOCKS,CHAUSSETTES
01300,CONFECCIONES ACCESORIAS,1,ACCESSORY CLOTHING,VÊTEMENTS ACCESSOIRES
01301,PAÑUELOS,1,HANDKERCHIEFS,MOUCHOIRS
01302,CORBATAS,1,TIES,ÉTAPES
01303,LAZOS,1,TIES,ÉTAPES
01304,GUANTES,1,GLOVES,GANTS
02100,CONFECCIONES EXTERIORES,2,OUTERWEAR,VÊTEMENTS D'EXTÉRIEUR
02101,ABRIGOS SWEATERS Y JACKETS,2,"COATS, SWEATERS AND JACKETS","MANTEAUX, PULLS ET VESTES"
02102,CHAQUETAS,2,JACKETS,VESTES
02103,JEANS,2,JEANS,JEANS
02104,PANTALON DE VESTIR,2,DRESS PANTS,PANTALONS DE COSTUME
02105,PANTALON DE SPORT,2,SPORTS TROUSERS,PANTALONS DE SPORT
02106,OVEROLL,2,OVERALL,DANS L'ENSEMBLE
02107,CAMISA DE VESTIR,2,DRESS SHIRT,CHEMISE HABILLÉE
02108,CAMISA DE SPORT,2,SPORTS SHIRT,MAILLOT DE SPORT
02109,PULLOVERS T-SHIRTS,2,PULLOVERS T-SHIRTS,T-SHIRTS À PULL
02110,PULLOVERS P-SHIRTS,2,PULLOVERS P-SHIRTS,PULLS P-SHIRTS
02111,CAMISETILLAS,2,T-SHIRTS,T-SHIRTS
02112,GUAYABERAS,2,GUAYABERAS,GUAYABÉRAS
02113,CONJUNTOS,2,SETS,ENSEMBLES
02114,SHORTS,2,SHORTS,SHORTS
02115,BERMUDAS,2,BERMUDA,BERMUDES
02116,PRENDAS DE CALENTAMIENTO,2,WARMING CLOTHES,VÊTEMENTS CHAUFFANTS
02117,TRUSAS,2,BRIEFS,SLIPS
02118,CHALECOS,2,VESTS,GILETS
02200,CONFECCIONES INTERIORES,2,INTERIOR FABRICS,TISSUS D'INTÉRIEUR
02201,CALZONCILLOS,2,UNDERPANTS,SLIP
02202,CAMISETAS,2,T-SHIRTS,T-SHIRTS
02203,JUEGOS ROPA INTERIOR,2,UNDERWEAR GAMES,JEUX DE SOUS-VÊTEMENTS
02204,PIJAMAS,2,PAJAMAS,PYJAMAS
02205,MEDIAS,2,SOCKS,CHAUSSETTES
02300,CONFECCIONES ACCESORIAS,2,ACCESSORY CLOTHING,VÊTEMENTS ACCESSOIRES
02301,PAÑUELOS,2,HANDKERCHIEFS,MOUCHOIRS
02302,CORBATAS,2,TIES,ÉTAPES
02303,LAZOS,2,TIES,ÉTAPES
03100,CONFECCIONES EXTERIORES,3,OUTERWEAR,VÊTEMENTS D'EXTÉRIEUR
03101,CONJUNTOS,3,SETS,ENSEMBLES
03102,ABRIGOS SWEATERS Y JACKETS,3,"COATS, SWEATERS AND JACKETS","MANTEAUX, PULLS ET VESTES"
03103,CHAQUETAS,3,JACKETS,VESTES
03104,CHALECOS,3,VESTS,GILETS
03105,BLUSA DE VESTIR,3,DRESS BLOUSE,CHEMISE ROBE
03106,BLUSA DE SPORT,3,SPORTS BLOUSE,CHEMISE DE SPORT
03107,PULLOVERS,3,PULLOVERS,PULLS
03108,CAMISETILLAS,3,T-SHIRTS,T-SHIRTS
03109,TOPES,3,LIMITS,LIMITES
03110,BODY,3,BODY,CORPS
03111,JEANS,3,JEANS,JEANS
03112,PANTALONES,3,PANTS,PANTALON
03113,OVERALL Y MONOPANTALON,3,OVERALL AND JUMPSUIT,COMBINAISON ET SALOPETTE
03114,VESTIDOS,3,CLOTHES,VÊTEMENTS
03115,SAYAS JEANS,3,JEANS SKIRT,JUPE EN JEAN
03116,SAYAS,3,SKIRTS,JUPES
03117,MONO SHORTS,3,MONO SHORTS,MONO SHORTS
03118,SHORTS,3,SHORTS,SHORTS
03119,BERMUDAS,3,BERMUDA,BERMUDES
03120,PRENDAS DE CALENTAMIENTO,3,WARMING CLOTHES,VÊTEMENTS CHAUFFANTS
03121,PAREOS,3,Sarongs,Sarongs
03122,TRUSAS,3,BRIEFS,SLIPS
03200,CONFECCIONES INTERIORES,3,INTERIOR FABRICS,TISSUS D'INTÉRIEUR
03201,AJUSTADORES,3,ADJUSTERS,AJUSTEURS
03202,BRASSIER,3,BRASSIER,CUIVRE
03203,BATAS DE CASAS,3,HOUSE DRESSINGS,VÊTEMENTS D'INTÉRIEUR
03204,BLOOMER,3,BLOOMER,BLOOMER
03205,CORPIÑOS,3,BRAS,SOUTIENS-GORGE
03206,FAJAS Y PANTY-FAJAS,3,SHAPEWEAR AND PANTY-SHAPED GIRLS,VÊTEMENTS GALBANTS ET CULOTTES POUR FILLES
03207,JUEGOS INTERIORES,3,INDOOR GAMES,JEUX D'INTÉRIEUR
03208,MEDIAS,3,SOCKS,CHAUSSETTES
03209,PANTY MEDIAS,3,PANTYHOSE,COLLANTS
03300,CONFECCIONES ACCESORIAS,3,ACCESSORY CLOTHING,VÊTEMENTS ACCESSOIRES
03301,PAÑUELOS DE CABEZAS,3,HEADSCARVES,FOULARDS
03302,PAÑUELOS DE MANOS,3,HANDKERCHIEFS,MOUCHOIRS
03303,OTROS PAÑUELOS,3,OTHER HANDKERCHIEFS,AUTRES MOUCHOIRS
03304,GUANTES,3,GLOVES,GANTS
04100,CONFECCIONES EXTERIORES,4,OUTERWEAR,VÊTEMENTS D'EXTÉRIEUR
04101,CONJUNTOS,4,SETS,ENSEMBLES
04102,ABRIGOS,4,COATS,MANTEAUX
04103,CHAQUETAS,4,JACKETS,VESTES
04104,CHALECOS,4,VESTS,GILETS
04105,BLUSA DE VESTIR,4,DRESS BLOUSE,CHEMISE ROBE
04106,BLUSA DE SPORT,4,SPORTS BLOUSE,CHEMISE DE SPORT
04107,PULLOVER,4,PULLOVER,ARRÊTEZ-VOUS
04108,CAMISETILLAS,4,T-SHIRTS,T-SHIRTS
04109,TOPES,4,LIMITS,LIMITES
04110,BODY,4,BODY,CORPS
04111,JEANS,4,JEANS,JEANS
04112,PANTALONES,4,PANTS,PANTALON
04113,OVERALL Y MONPANTALON,4,OVERALL AND PANTS,SALOPETTE ET PANTALON
04114,VESTIDO,4,DRESS,ROBE
04115,BATAS,4,BATHES,BAINS
04116,SAYAS JEANS,4,JEANS SKIRT,JUPE EN JEAN
04117,SAYAS,4,SKIRTS,JUPES
04118,MONOSHORTS,4,MONOSHORTS,MONOCOURTS
04119,SHORTS,4,SHORTS,SHORTS
04120,BERMUDAS,4,BERMUDA,BERMUDES
04121,PRENDAS DE CALENTAMIENTO,4,WARMING CLOTHES,VÊTEMENTS CHAUFFANTS
04122,PAREOS,4,Sarongs,Sarongs
04123,TRUSAS,4,BRIEFS,SLIPS
04200,CONFECCIONES INTERIORES,4,INTERIOR FABRICS,TISSUS D'INTÉRIEUR
04201,BATA DE CASA,4,HOUSE BATH,SALLE DE BAIN DE LA MAISON
04202,BLOOMER,4,BLOOMER,BLOOMER
04203,CORPIÑOS,4,BRAS,SOUTIENS-GORGE
04204,JUEGOS INTERIORES,4,INDOOR GAMES,JEUX D'INTÉRIEUR
04205,MEDIAS,4,SOCKS,CHAUSSETTES
04206,PANTY-MEDIAS,4,PANTYHOSE,COLLANTS
04207,JUEGOS DE DORMIR,4,SLEEPING GAMES,JEUX DE DORMIR
04208,AJUSTADORES,4,ADJUSTERS,AJUSTEURS
04300,CONFECCIONES ACCESORIAS,4,ACCESSORY CLOTHING,VÊTEMENTS ACCESSOIRES
04301,PAÑUELOS DE MANO,4,HANDKERCHIEFS,MOUCHOIRS
04302,LAZOS,4,TIES,ÉTAPES
05100,CONFECCION EXTERIOR,5,OUTER CLOTHING,VÊTEMENTS D'EXTÉRIEUR
05101,CULEROS,5,ASSHOLES,CONNARDS
05102,GORROS,5,HATS,CHAPEAUX
05103,MEDIAS,5,SOCKS,CHAUSSETTES
05104,MAMELUCOS,5,MAMELUKS,MAMÉLUKS
05105,PAÑALES,5,DIAPERS,COUCHES
05106,ROPA P/BEBE,5,BABY CLOTHES,VÊTEMENTS POUR BÉBÉS
05107,JUEGOS DOBLE,5,DOUBLE GAMES,JEUX DOUBLES
05108,CAPOCITO,5,CAPOCITO,CAPOCITO
05109,ROPONCITO,5,ROPONCITO,ROPONCITO
05110,ABRIGO,5,COAT,MANTEAU
05200,CONFECC.ACCESOR. Y AJUARES,5,"CLOTHING, ACCESSORIES, AND TROUSSEYES","VÊTEMENTS, ACCESSOIRES ET PANTALONS"
05201,COBERTORES,5,BLANKETS,COUVERTURES
05202,FRAZADAS,5,BLANKETS,COUVERTURES
05203,FUNDAS,5,CASES,CAS
05204,IMPERDIBLES,5,MUST-SEES,À VOIR ABSOLUMENT
05205,JUEGOS DE CAMA,5,BEDDING SETS,ENSEMBLES DE LITERIE
05206,MOSQUITEROS,5,MOSQUITO NETS,MOUSTIQUAIRES
05207,SABANAS,5,BED SHEETS,DRAPS DE LIT
05208,TOALLAS,5,TOWELS,SERVIETTES
05209,BABEROS,5,BIBS,BIBS
05210,MANTAS,5,BLANKETS,COUVERTURES
05211,JUEGOS DE TOALLAS,5,TOWEL SETS,ENSEMBLES DE SERVIETTES
05212,HULE,5,RUBBER,CAOUTCHOUC
05213,ACCESORIOS CANASTILLA,5,BASKET ACCESSORIES,ACCESSOIRES DE PANIER
05300,ARTICULOS P/LA ALIMENTACION,5,FOOD PRODUCTS,PRODUITS ALIMENTAIRES
05301,TETERAS,5,TEAPOTS,THÉIÈRES
05302,BIBERONES,5,BOTTLES,BOUTEILLES
05303,CHUPONES,5,PACIFIERS,TÉTINES
05304,VASOS P/BEBE,5,BABY CUPS,TASSES POUR BÉBÉS
05305,PLATOS,5,DISHES,PLATS
05306,JUEGOS P/ALIMENTACION,5,FOOD GAMES,JEUX DE NOURRITURE
05307,ACCESORIOS,5,ACCESSORIES,ACCESSOIRES
05308,PORTA TETERAS,5,TEAPOT HOLDERS,PORTE-THÉIÈRES
05309,CUCHARAS,5,SPOONS,CUILLÈRES
06100,ARTICULOS Y ACCESORIOS,6,ARTICLES AND ACCESSORIES,ARTICLES ET ACCESSOIRES
06101,AGUJAS,6,NEEDLES,AIGUILLES
06102,HILOS,6,THREADS,FILS DE DISCUSSION
06103,TIJERAS,6,SCISSORS,CISEAUX
06104,ALFILERES,6,PINS,ÉPINGLE
06105,ARO DE BORDAR,6,EMBROIDERY HOOP,CERCEAU À BRODER
06106,JGOS.P/COSER,6,SEWING JAGS,JAMBE DE COUTURE
06107,OTROS AC.P/COSER,6,OTHER AC.P/SEWING,AUTRES AC.P/COUTURE
06200,ADORNOS P/VESTIDOS Y OTROS,6,TRIMMINGS FOR DRESSES AND OTHERS,ACCESSOIRES POUR ROBES ET AUTRES
06201,ENCAJES,6,LACE,DENTELLE
06202,CINTAS,6,TAPES,BANDES
06203,PUNTAS,6,TIPS,CONSEILS
06204,BOTONES,6,BUTTONS,BOUTONS
06205,BROCHES,6,BROOCHES,BROCHES
06206,ZIPPER,6,ZIPPER,FERMETURE ÉCLAIR
06207,GALONES,6,GALLONS,GALLONS
06208,ELASTICOS,6,ELASTICS,ÉLASTIQUES
06209,CASCABEL,6,BELL,CLOCHE
06210,FLECOS,6,FRINGES,FRANGES
06211,LENTEJUELAS,6,SEQUINS,PAILLETTES
06212,PERLAS,6,PEARLS,PERLES
06213,SERPENTINAS,6,SERPENTINES,SERPENTINES
07101,TEJIDO PLANOS,7,FLAT FABRICS,TISSUS PLATS
07102,TEJIDO DE PUNTO,7,KNITTING,TRICOT
07103,PIEL ARTIFICIAL,7,ARTIFICIAL LEATHER,CUIR ARTIFICIEL
07104,TEJIDO P/TAPIZAR,7,UPHOLSTERY FABRIC,TISSU D'AMÉNAGEMENT
07105,TEJIDO P/CORTINA,7,CURTAIN FABRIC,TISSU POUR RIDEAUX
08100,CALZADO P/HOMBRE,8,MEN'S FOOTWEAR,CHAUSSURES POUR HOMMES
08101,CALZADO DE VESTIR,8,DRESS SHOES,CHAUSSURES DE VÊTEMENT
08102,CALZADO CASUAL Y SPORT,8,CASUAL AND SPORTS FOOTWEAR,CHAUSSURES DÉCONTRACTÉES ET DE SPORT
08103,BOTAS,8,BOOTS,BOTTES
08104,TENIS,8,TENNIS,TENNIS
08105,ZAPATILLAS DEPORTIVAS,8,SPORTS SHOES,CHAUSSURES DE SPORT
08106,CALZADO PLASTICO,8,PLASTIC FOOTWEAR,CHAUSSURES EN PLASTIQUE
08107,CHANCLETAS,8,FLIP-FLOPS,TONGS
08108,SUECOS,8,SWEDES,SUÉDOIS
08200,CALZADO P/MUJER,8,WOMEN'S FOOTWEAR,CHAUSSURES POUR FEMMES
08201,CALZADO DE VESTIR,8,DRESS SHOES,CHAUSSURES DE VÊTEMENT
08202,CALZADO CASUAL Y SPORT,8,CASUAL AND SPORTS FOOTWEAR,CHAUSSURES DÉCONTRACTÉES ET DE SPORT
08203,BOTAS,8,BOOTS,BOTTES
08204,TENIS,8,TENNIS,TENNIS
08205,ZAPATILLAS,8,SNEAKERS,BASKETS
08206,CALZADO PLASTICO,8,PLASTIC FOOTWEAR,CHAUSSURES EN PLASTIQUE
08207,CHANCLETAS,8,FLIP-FLOPS,TONGS
08208,SUECOS,8,SWEDES,SUÉDOIS
08300,CALZADO P/NI¥OS,8,CHILDREN'S SHOES,CHAUSSURES POUR ENFANTS
08301,CALZADO DE VESTIR,8,DRESS SHOES,CHAUSSURES DE VÊTEMENT
08302,CALZADO CASUAL Y SPORT,8,CASUAL AND SPORTS FOOTWEAR,CHAUSSURES DÉCONTRACTÉES ET DE SPORT
08303,BOTAS,8,BOOTS,BOTTES
08304,TENIS,8,TENNIS,TENNIS
08305,ZAPATILLAS,8,SNEAKERS,BASKETS
08306,CALZADO PLASTICO,8,PLASTIC FOOTWEAR,CHAUSSURES EN PLASTIQUE
08307,CHANCLETAS,8,FLIP-FLOPS,TONGS
08308,SUECOS,8,SWEDES,SUÉDOIS
08400,CALZADO P/JOVENCITO,8,FOOTWEAR FOR YOUNG PEOPLE,CHAUSSURES POUR JEUNES
08401,CALZADO DE VESTIR,8,DRESS SHOES,CHAUSSURES DE VÊTEMENT
08402,CALZADO CASUAL Y SPORT,8,CASUAL AND SPORTS FOOTWEAR,CHAUSSURES DÉCONTRACTÉES ET DE SPORT
08403,BOTAS,8,BOOTS,BOTTES
08404,TENIS,8,TENNIS,TENNIS
08405,ZAPATILLAS DEPORTIVAS,8,SPORTS SHOES,CHAUSSURES DE SPORT
08406,CALZADO PLASTICO,8,PLASTIC FOOTWEAR,CHAUSSURES EN PLASTIQUE
08407,CHANCLETAS,8,FLIP-FLOPS,TONGS
08408,SUECOS,8,SWEDES,SUÉDOIS
08500,CALZADO P/JOVENCITA,8,FOOTWEAR FOR YOUNG WOMAN,CHAUSSURES POUR JEUNES FEMMES
08501,CALZADO DE VESTIR,8,DRESS SHOES,CHAUSSURES DE VÊTEMENT
08502,CALZADO CASUAL Y SPORT,8,CASUAL AND SPORTS FOOTWEAR,CHAUSSURES DÉCONTRACTÉES ET DE SPORT
08503,BOTAS,8,BOOTS,BOTTES
08504,TENIS,8,TENNIS,TENNIS
08505,ZAPATILLAS,8,SNEAKERS,BASKETS
08506,CALZADO PLASTICO,8,PLASTIC FOOTWEAR,CHAUSSURES EN PLASTIQUE
08507,CHANCLETAS,8,FLIP-FLOPS,TONGS
08508,SUECOS,8,SWEDES,SUÉDOIS
08600,CALZADO P/NI¥A,8,FOOTWEAR FOR GIRLS,CHAUSSURES POUR FILLES
08601,CALZADO DE VESTIR,8,DRESS SHOES,CHAUSSURES DE VÊTEMENT
08602,CALZADO CASUAL Y SPORT,8,CASUAL AND SPORTS FOOTWEAR,CHAUSSURES DÉCONTRACTÉES ET DE SPORT
08603,BOTAS,8,BOOTS,BOTTES
08604,TENIS,8,TENNIS,TENNIS
08605,ZAPATILLAS,8,SNEAKERS,BASKETS
08606,CALZADO PLASTICO,8,PLASTIC FOOTWEAR,CHAUSSURES EN PLASTIQUE
08607,CHANCLETAS,8,FLIP-FLOPS,TONGS
08608,SUECOS,8,SWEDES,SUÉDOIS
08700,CALZADO P/BEBE,8,BABY SHOES,CHAUSSURES POUR BÉBÉ
08701,ZAPATOS P/BEBITOS,8,BABY SHOES,CHAUSSURES POUR BÉBÉ
08702,ZAPATOS P/BEBITAS,8,SHOES FOR BABY GIRLS,CHAUSSURES POUR BÉBÉS FILLES
09100,ARTICULOS DE TALABARTERIA,9,SADDLERY GOODS,ARTICLES DE SELLERIE
09101,CARTERAS Y SOBRES,9,WALLETS AND ENVELOPES,PORTEFEUILLES ET ENVELOPPES
09102,BILLETERAS,9,WALLETS,PORTEFEUILLES
09103,MONEDEROS,9,WALLETS,PORTEFEUILLES
09104,RIÑONERAS,9,WAIST BAGS,SACS DE BANANE
09105,MALETAS,9,SUITCASES,VALISES
09106,MALETINES,9,BRIEFCASE,MALLETTE
09107,PORTAFOLIOS,9,BRIEFCASE,MALLETTE
09108,MOCHILAS Y MALETAS ESCOLARES,9,SCHOOL BACKPACKS AND SUITCASES,SACS À DOS ET VALISES SCOLAIRES
09109,BOLSOS,9,BAGS,SACS
09110,GUSANOS,9,WORMS,VERS
09111,JABAS,9,BOXES,BOÎTES
09112,PORTA OBJETOS,9,STORAGE HOLDER,SUPPORT DE RANGEMENT
09113,GUANTILLAS,9,GLOVES,GANTS
09114,ESTUCHES,9,CASES,CAS
09200,ACCESORIOS DEL VESTIR,9,CLOTHING ACCESSORIES,ACCESSOIRES DE VÊTEMENTS
09201,CINTOS,9,BELTS,CEINTURES
09202,GORRAS,9,CAPS,MAJUSCULES
09203,SOMBREROS,9,HATS,CHAPEAUX
09204,CORDONES,9,shoelaces,lacets de chaussures
09205,TIRANTES,9,BRACES,CROISILLONS
10100,PERFUMERIA ECONOMICA,10,AFFORDABLE PERFUMERY,PARFUMS ABORDABLES
10101,PERFUMES,10,PERFUMES,PARFUMS
10102,AGUA DE PERFUMES,10,EAU DE PERFUME,EAU DE PARFUM
10103,AGUA DE TOCADOR,10,Toilet Water,Eau de toilette
10104,AGUA DE COLONIA,10,EAU DE COLOGNE,EAU DE COLOGNE
10105,AFTER SHAVE,10,AFTER SHAVE,APRÈS-RAS
10106,ESTUCHES,10,CASES,CAS
10107,ACEITES P/PIEL,10,SKIN OILS,HUILES POUR LA PEAU
10108,LOCIONES,10,LOTIONS,LOTIONS
10109,CREMAS P/TRATAMIENTOS,10,CREAMS FOR TREATMENTS,CRÈMES POUR LES TRAITEMENTS
10110,TONICOS,10,TONICS,TONIQUES
10111,MASCARILLA,10,FACE MASK,MASQUE FACIAL
10112,TALCOS,10,Talcum powder,poudre de talc
10113,ESTUCHE DE MAQUILLAJE,10,MAKEUP CASE,TROUSSE DE MAQUILLAGE
10114,SOMBRAS P/OJOS,10,EYESHADOW,FARD À PAUPIÈRES
10115,COLORETES,10,BLUSHES,ROSE
10116,DELINEADOR P/OJOS Y RIMEL,10,EYELINER AND MASCARA,EYELINER ET MASCARA
10117,MASCARA DE PESTAÑA,10,MASCARA,MASCARA
10118,LAPIZ DE CEJAS,10,EYEBROW PENCIL,CRAYON À SOURCILS
10119,DELINEADOR LABIAL,10,LIP LINER,CRAYON À LÈVRES
10120,LABIALES,10,LIPSTICKS,ROUGES À LÈVRES
10121,BASES,10,BASES,BASES
10122,POLVOS FACIAL,10,FACIAL POWDER,POUDRE POUR LE VISAGE
10123,ESMALTE DE UÑAS,10,NAIL POLISH,VERNIS À ONGLES
10124,REMOVEDOR ESMALTE DE UÑAS,10,NAIL POLISH REMOVER,DISSOLUDEUR À ONGLES
10125,BRONCEADORES P/PIEL,10,BRONZERS FOR SKIN,BRONZERS POUR LA PEAU
10126,COMPACTOS,10,COMPACT,COMPACT
10127,LECHE P/EL CUERPO,10,MILK FOR THE BODY,DU LAIT POUR LE CORPS
10128,MUESTRAS,10,SAMPLES,ÉCHANTILLONS
10129,PROVADORES,10,TESTING KITS,KITS DE TEST
10130,REHABILITANTES P/PIELES,10,SKIN REHABILITANTS,RÉHABILITANTS DE LA PEAU
10131,REMOVEDOR DE MAQUILLAJE,10,MAKEUP REMOVER,DÉMAQUILLANT
10132,GEL P/TRATAMIENTO,10,GEL FOR TREATMENT,GEL POUR LE TRAITEMENT
10200,PERFUMERIA DE MARCA,10,BRAND NAME PERFUMERY,PARFUMERIE DE MARQUE
10201,PERFUMES,10,PERFUMES,PARFUMS
10202,AGUA DE PERFUMES,10,EAU DE PERFUME,EAU DE PARFUM
10203,AGUA DE TOCADOR,10,Toilet Water,Eau de toilette
10204,AGUA DE COLONIAS,10,COLONY WATER,EAU DE COLONNE
10205,AFTER SHAVE,10,AFTER SHAVE,APRÈS-RAS
10206,ESPUMA DE AFEITAR,10,SHAVING FOAM,MOUSSE À RASER
10207,ESTUCHE DE PERFUMERIA,10,PERFUME SET,COFFRET DE PARFUM
10208,ACEITES P/PIEL,10,SKIN OILS,HUILES POUR LA PEAU
10209,LOCIONES,10,LOTIONS,LOTIONS
10210,TONICOS,10,TONICS,TONIQUES
10211,CREMAS PERFUMADAS,10,PERFUMED CREAMS,CRÈMES PARFUMÉS
10212,CREMAS P/TRATAMIENTOS,10,CREAMS FOR TREATMENTS,CRÈMES POUR LES TRAITEMENTS
10213,MASCARILLA PARA CUTIS,10,FACE MASK,MASQUE FACIAL
10214,ESTUCHE DE MAQUILLAJE,10,MAKEUP CASE,TROUSSE DE MAQUILLAGE
10215,MAQUILLAJE ILUMINADOR,10,ILLUMINATING MAKEUP,MAQUILLAGE ILLUMINATEUR
10216,TINTES P/MAQUILLAJE,10,MAKEUP DYES,COLORANTS DE MAQUILLAGE
10217,SOMBRAS P/OJOS,10,EYESHADOW,FARD À PAUPIÈRES
10218,TALCOS,10,Talcum powder,poudre de talc
10219,COLORETES,10,BLUSHES,ROSE
10220,DELINEADOR P/OJOS,10,EYELINER,EYELINER
10221,CORRECTOR DE OJERAS,10,DARK CIRCLE CONCEALER,Correcteur Dark Circle
10222,MASCARA DE PESTAÑA,10,MASCARA,MASCARA
10223,LAPIZ DE CEJAS,10,EYEBROW PENCIL,CRAYON À SOURCILS
10224,DELINEADOR LABIAL,10,LIP LINER,CRAYON À LÈVRES
10225,LAPIZ LABIAL,10,LIPSTICK,ROUGE À LÈVRES
10226,CREYON LABIAL,10,LIPSTICK,ROUGE À LÈVRES
10227,BASES P/MAQUILLAJE,10,MAKEUP BASES,BASES DE MAQUILLAGE
10228,POLVO FACIAL,10,FACE POWDER,POUDRE DE RIZ
10229,ESMALTE DE UÑAS,10,NAIL POLISH,VERNIS À ONGLES
10230,REMOVEDOR DE ESMALTES DE UÑAS,10,NAIL POLISH REMOVER,DISSOLUDEUR À ONGLES
10231,COMPACTOS,10,COMPACT,COMPACT
10232,LECHE P/CUERPO,10,BODY MILK,LAIT CORPOREL
10233,REMOVEDOR DE MAQUILLAJE,10,MAKEUP REMOVER,DÉMAQUILLANT
10234,COFRE MINIATURA,10,MINIATURE CHEST,COFFRE MINIATURE
10235,PROVADORES,10,TESTING KITS,KITS DE TEST
10236,MUESTRAS,10,SAMPLES,ÉCHANTILLONS
10237,GEL P/TRATAMIENTO,10,GEL FOR TREATMENT,GEL POUR LE TRAITEMENT
10238,GEL DE BAÑO,10,BATH GEL,GEL DE BAIN
10239,JABON DE TOCADOR,10,TOILET SOAP,SAVON DE TOILETTE
10240,DESODORANTES,10,DEODORANTS,DÉODORANTS
10241,ACCESORIOS P/MAQUILLAJE,10,MAKEUP ACCESSORIES,ACCESSOIRES DE MAQUILLAGE
10242,REHABILITANTES P/PIEL,10,SKIN REHABILITANTS,RÉHABILITANTS DE LA PEAU
10300,ARTICULOS DE ASEO PERSONAL,10,PERSONAL HYGIENE ITEMS,ARTICLES D'HYGIÈNE PERSONNELLE
10301,ACOND. Y BALSAMO P/EL CABELLO,10,HAIR CONDITIONER AND BALM,APRÈS-SHAMPOING ET BAUME À CHEVEUX
10302,CHAMPU COLOR,10,COLOR SHAMPOO,Shampoing couleur
10303,CHAMPU,10,SHAMPOO,SHAMPOOING
10304,GEL P/EL CABELLO,10,HAIR GEL,GEL CHEVEUX
10305,VASELINA Y BRILLANTINA,10,VASELINE AND GLITTER,VASELINE ET PAILLETTES
10306,FIJAD.,10,FIXED.,FIXÉ.
10307,DESRIZ,10,DESRIZ,DESRIZ
10308,DECOLORACIÓN,10,BLEACHING,BLANCHIMENT
10309,PERMANENTES,10,PERMANENT,PERMANENT
10310,TINTES P/EL CABELLO,10,HAIR DYES,TEINTURE POUR CHEVEUX
10311,ESPUMA DE AFEITAR,10,SHAVING FOAM,MOUSSE À RASER
10312,MÁQUINA DE AFEITAR,10,RAZOR,RASOIR
10313,REPUESTOS MÁQ. DE AFEITAR,10,RAZOR REPLACEMENT PARTS,PIÈCES DE RECHANGE POUR RASOIRS
10314,ESTUCHE DE ASEO,10,TOILETRY KIT,TROUSSE DE TOILETTE
10315,CEPILLO DENTAL,10,TOOTHBRUSH,BROSSE À DENTS
10316,PASTA DENTAL,10,TOOTHPASTE,DENTIFRICE
10317,DESODORANTE,10,DEODORANT,DÉODORANT
10318,GEL DE BAÑO,10,BATH GEL,GEL DE BAIN
10319,JABON DE TOCADOR,10,TOILET SOAP,SAVON DE TOILETTE
10320,JABON DE LAVAR,10,LAUNDRY SOAP,SAVON À LESSELLE
10321,ACCESORIOS P/EL MAQUILLAJE,10,MAKEUP ACCESSORIES,ACCESSOIRES DE MAQUILLAGE
10322,TINTE P/MAQUILLAJE,10,MAKEUP DYE,TEINTURE DE MAQUILLAGE
10323,ACCESORIOS P/BA¤O,10,BATHROOM ACCESSORIES,ACCESSOIRES DE SALLE DE BAIN
10400,PRODUCTOS P/TRAT.CAPILAR,10,PRODUCTS FOR HAIR TREATMENT,PRODUITS DE SOIN CAPILLAIRE
10401,LOCION P/ANTICAIDA D/CABELLO,10,ANTI-HAIR LOSS LOTION,LOTION ANTICHUTE DE CHEVEUX
10402,ACEITES P/TRATAMIENTO CAPILAR,10,HAIR TREATMENT OILS,HUILES DE SOIN CAPILLAIRE
10500,ART.DE BARBERIA Y PELUQUERIA,10,BARBER AND HAIR SALON ARTICLES,ARTICLES SUR LES SALONS DE COIFFURE ET LES BARBIERS
10501,PEINES,10,COMBS,PEIGNES
10502,CEPILLOS P/CABEZA,10,HAIRBRUSHES,BROSSES À CHEVEUX
10503,PINZAS DE CEJAS,10,EYEBROW TWEEZERS,PINCE À ÉPILER LES SOURCILS
10504,NAVAJAS,10,KNIVES,COUTEAUX
10705,PAÑALES P/INCONTINENCIA,10,DIAPERS FOR INCONTINENCE,COUCHES POUR L'INCONTINENCE
10506,BROCHAS DE AFEITAR,10,SHAVING BRUSHES,PINCEAUX DE RASOIR
10507,BROCHAS VARIAS,10,VARIOUS BRUSHES,DIVERSES BROSSES
10508,ACC. DE PELUQUERIA Y BARBERIA,10,Hairdressing and Barber Shop Accessories,Accessoires pour salons de coiffure et barbiers
10600,ART.DE MANICURE Y PEDICURE,10,MANICURE AND PEDICURE SUPPLIES,FOURNITURES DE MANUCURE ET DE PÉDICURE
10601,ALICATES P/MANOS Y PIES,10,PLIERS FOR HANDS AND FEET,PINCES POUR LES MAINS ET LES PIEDS
10602,CORTAUÑAS,10,NAIL CLIPPERS,COUPE-ONGLES
10603,TIJERAS P/MANOS,10,SCISSORS FOR HANDS,CISEAUX POUR LES MAINS
10604,LIMAS DE UÑAS,10,NAIL FILES,LIÈGES À ONGLES
10605,ESTUCHE DE MANICURE,10,MANICURE KIT,KIT DE MANUCURE
10606,ACC. DE MANICURE Y PEDECURI,10,MANICURE AND PEDECURITY ACCESSORIES,ACCESSOIRES DE MANUCURE ET DE PÉDÉCURE
10700,ARTICULOS SANITARIOS,10,SANITARY PRODUCTS,PRODUITS SANITAIRES
10701,ALMOHAD.SANITARIAS(DESECHEB.),10,SANITARY PILLOWS (DISPOSABLE),OREILLERS HYGIÉNIQUES (JETABLES)
10702,ALGODON,10,COTTON,COTON
10703,TAMPONE,10,TAMPONE,TAMPON
10704,PRESERVATIVOS,10,CONDOMS,PRÉSERVATIFS
10800,FARMACIA,10,PHARMACY,PHARMACIE
10801,MEDICAMENTOS VARIOS,10,VARIOUS MEDICINES,DIVERS MÉDICAMENTS
10802,TERMOMETROS,10,THERMOMETERS,THERMOMÈTRES
11100,JOYERIA,11,JEWELER'S,BIJOUTIER
11101,ABRIDOR,11,OPENER,OUVREUR
11102,ABRECARTAS,11,LETTER OPENER,OUVRE-LETTRE
11103,ADORNO,11,ORNAMENT,ORNEMENT
11104,AGUJA,11,NEEDLE,AIGUILLE
11105,ALIANZA,11,ALLIANCE,ALLIANCE
11106,ALFANJE,11,SILVER JACKET,VESTE ARGENTÉE
11107,ALFILER,11,PIN,ÉPINGLE
11108,ANILLO,11,RING,ANNEAU
11109,ARTICULO DE PIEL,11,LEATHER GOODS,ARTICLES EN MARBRE
11110,ARETE,11,EARRING,BOUCLE
11111,ARGOLLA,11,RING,ANNEAU
11112,AZUCARERA,11,SUGAR FACTORY,USINE DE SUCRE
11113,BANDEJA,11,TRAY,PLATEAU
11114,BILLETERA O PORTA BILLETE,11,WALLET OR MONEY HOLDER,PORTEFEUILLE OU PORTE-ARGENT
11115,BOLIGRAFO,11,PEN,STYLO
11116,BROCHE,11,BROOCH,BROCHE
11117,BASTONE,11,CANE,CANNE
11118,BOLSO,11,BAG,SAC
11119,CADENA,11,CHAIN,CHAÎNE
11120,CUBRE BOTONES,11,BUTTON COVERS,COUVERCLES DE BOUTONS
11121,CIERRE COLLARES,11,NECKLACE CLOSURE,FERMETURE DU COLLIER
11122,CENICERO,11,ASHTRAY,CENDRIER
11123,COFRE,11,CHEST,POITRINE
11124,CHAPA,11,SHEET,FEUILLE
11125,CEPILLO,11,BRUSH,BROSSE
11126,COLGANTE,11,PENDANT,PENDENTIF
11127,COLLAR,11,NECKLACE,COLLIER
11128,CAMPANA,11,BELL,CLOCHE
11129,CRUZ,11,CROSS,CROIX
11130,CUCHILLA,11,BLADE,LAME
11131,CUCHILLO,11,KNIFE,COUTEAU
11132,COLADOR,11,STRAINER,PASSOIRE
11133,CU¤O,11,CU¤O,CU¤O
11134,CUCHARITA,11,TEASPOON,CUILLÈRE À CAFÉ
11135,CUADRO O PORTA RETRATO,11,PICTURE FRAME OR PHOTO FRAME,CADRE PHOTO OU CADRE IMAGE
11136,DEDAL,11,THIMBLE,DÉ
11137,DIJES,11,PENDANTS,PENDENTIFS
11138,DORMILONA,11,SLEEPY,SOMNOLENT
11139,DESPERILLADOR,11,TUB PULLER,TIRE-BALLE
11140,ESPADA,11,SWORD,ÉPÉE
11141,EMBUDO,11,FUNNEL,ENTONNOIR
11142,ENCENDEDOR,11,LIGHTER,PLUS LÉGER
11143,ESPEJO,11,MIRROR,MIROIR
11144,ESTUCHE,11,CASE,CAS
11145,FOSFORERA DE BENCINA,11,PETROL LIGHTER,BRIQUET À ESSENCE
11146,FOSFORERA DE GAS,11,GAS MATTER,MATIÈRE GAZEUSE
11147,FIGURA,11,FIGURE,CHIFFRE
11148,FRUTERO,11,FRUITERER,FRUITIER
11149,GALLO,11,ROOSTER,COQ
11150,CENTRO DE GARGANTILLA,11,CHOKER CENTER,CENTRE DU CHOKER
11151,GEMELO,11,TWIN,DOUBLE
11152,GAS PARA FOSFORERA,11,GAS FOR MATCH BOX,GAZ POUR BOÎTE D'ALLUMETTES
11153,GARGANTILLA,11,CHOKER,FOULARD
11154,HEBILLAS,11,BUCKLES,BOUCLES
11155,HUEVO DE ZURCIR,11,DARNING EGG,ŒUF À REPLIER
11156,IDENTIFICADOR,11,IDENTIFIER,IDENTIFIANT
11157,JGO. GARG.PULSO Y SORTIJA,11,SET. GARMENT. WRIST AND RING,ENSEMBLE. VÊTEMENT. POIGNET ET BAGUE
11158,IMPERTINENTE,11,IMPERTINENT,IMPERTINENT
11159,INCENSARIO,11,CENSER,ENCENSOIR
11160,LAPICERO,11,PENCIL,CRAYON
11161,LEONTINA,11,LEONTINA,Léontine
11162,LIBRETA DE NOTAS,11,NOTEBOOK,CARNET DE NOTES
11163,LLAVERO,11,KEY RING,PORTE-CLÉS
11164,PLUMA DE FUENTE,11,FOUNTAIN PEN,STYLO PLUME
11165,MARUGA,11,MARUGA,MARUGA
11166,MARCADOR,11,MARKER,MARQUEUR
11167,MEDALLAS,11,MEDALS,MÉDAILLES
11168,MONEDA,11,CURRENCY,DEVISE
11169,MONEDERO Y CARTERAS,11,WALLETS AND PURSES,PORTEFEUILLES ET SACS À MAIN
11170,MARCAPAGINAS,11,BOOKMARK,MARQUE-PAGE
11171,PEINETA,11,COMB,PEIGNE
11172,PASADOR,11,PIN,ÉPINGLE
11173,PORTA AGUJA,11,NEEDLE HOLDER,PORTE-AIGUILLE
11174,PORTA CREYON,11,CRAYON HOLDER,PORTE-CRAYONS
11175,PORTA DOCUMENTO,11,DOCUMENT HOLDER,DÉTENTEUR DE DOCUMENT
11176,PENDIENTES,11,EARRINGS,BOUCLES D'OREILLES
11177,PERFUMADOR,11,PERFUME,PARFUM
11178,PULSERA HORARIA,11,TIME BRACELET,BRACELET TEMPS
11179,PINCHADOR,11,PINCH,PINCER
11180,PRESILLA,11,CLIP,AGRAFE
11181,PIEDRA DE FOSFORERA,11,PHOSPHORUS STONE,PIERRE DE PHOSPHORE
11182,FRASCO DE TINTA,11,INK BOTTLE,BOUTEILLE D'ENCRE
11183,PULSERA,11,BRACELET,BRACELET
11184,FRASCO O POMO,11,BOTTLE OR POT,BOUTEILLE OU POT
11185,PENDENTIFF,11,PENDENTIFF,PENDENTIFF
11186,POLVERA O VANITY,11,POWDER PAN OR VANITY,POUDRE À POUSSER OU VANITÉ
11187,PITILLERA,11,CIGARETTE CASE,ÉTUI À CIGARETTES
11188,PORTAFOSFORERA,11,PHOTOBTAINER,PHOTOBTAINER
11189,PRENDEDOR,11,BROOCH,BROCHE
11190,PASTILLEROS,11,PILLBOXES,PILULETIERS
11191,PETACA,11,FETACA,FETACA
11192,PULSOS,11,PULSES,POULS
11193,PORTA SERVILLETA,11,NAPKIN HOLDER,PORTE-SERVIETTES
11194,PLATO,11,DISH,PLAT
11195,REVOLVEDOR,11,REVOLVER,REVOLVER
11196,PALITA,11,Shovel,Pelle
11197,PINZA PARA HIELO,11,ICE TONGS,PINCES À GLACE
11198,RESPUESTO PARA BOLIGRAFO,11,REPLACEMENT FOR PEN,REMPLACEMENT POUR STYLO
11199,RELICARIO,11,RELIQUARY,RELIQUAIRE
11201,ROSARIO,11,ROSARY,CHAPELET
11202,RESPUESTO PARA PLUMA,11,PEN REPLACEMENT,REMPLACEMENT DU STYLO
11203,SALERO,11,SALT SHAKER,SALIÈRE
11204,SORTIJON,11,SORTIJON,SORTIJON
11205,SORTIJA,11,RING,ANNEAU
11206,SOLITARIO,11,LONELY,SOLITAIRE
11207,TENEDOR,11,FORK,FOURCHETTE
11208,TIJERA,11,SCISSORS,CISEAUX
11209,TU Y YO,11,YOU AND I,VOUS ET MOI
11210,LIMPIA UÑAS,11,NAIL CLEANER,NETTOYANT POUR ONGLES
11211,VASOS,11,GLASSES,LUNETTES
11212,YUGOS,11,YOKES,JOUETS
11300,JUEGOS,11,GAMES,JEUX
11301,JGO. GARGANTILLA Y PULSO,11,CHOKER AND BRACELET SET,ENSEMBLE COLLIER ET BRACELET
11302,JGO. DE DIJE CON PULSO,11,SET OF PENDANTS WITH PULSE,ENSEMBLE DE PENDENTIFS AVEC IMPULSION
11303,JGO. DE ALIANZAS,11,SET OF RINGS,ENSEMBLE DE BAGUES
11304,JGO. DE CRUZ CON CADENA,11,SET OF CROSS WITH CHAIN,ENSEMBLE DE CROIX AVEC CHAÎNE
11305,JGO. DE DIJE CON CADENA,11,SET OF PENDANT WITH CHAIN,ENSEMBLE DE PENDENTIF AVEC CHAÎNE
11306,JGO. DE SORTIJA Y ARETE,11,RING AND EARRING SET,ENSEMBLE BAGUE ET BOUCLES D'OREILLES
11307,JGO. DE ANILLOS,11,SET OF RINGS,ENSEMBLE DE BAGUES
11308,JGO. GARGANTILLA,11,CHOKER SET,ENSEMBLE DE RAS-COU
11309,JGO. PASADOR,11,PIN SET,JEU DE BROCHES
11310,JGO. GARGANTILLA Y ARETE,11,CHOKER AND EARRING SET,ENSEMBLE COLLIER ET BOUCLES D'OREILLES
11311,JGO. GARGANT.,11,GARGAN SET,ENSEMBLE GARGAN
11312,JGO. DIJE,11,GAME. I SAID,JEU. J'AI DIT
11313,JGODIJE,11,JGODIJE,JGODIJE
11314,JGO.CUCHARA Y TENEDOR,11,SPOON AND FORK SET,ENSEMBLE CUILLÈRE ET FOURCHETTE
11315,JGO. ARETE,11,EARRING SET,ENSEMBLE DE BOUCLES D'OREILLES
11316,JGO.DE PULSO Y ARETE,11,BRACELET AND EARRING SET,ENSEMBLE BRACELET ET BOUCLES D'OREILLES
11317,JGO. DE PASADOR Y ARETES,11,BROOCH AND EARRING SET,ENSEMBLE BROCHE ET BOUCLES D'OREILLES
11318,JGO. GARGANT.,11,GARGAN SET,ENSEMBLE GARGAN
11319,JOG. DE DIJE Y ARETE,11,JOG. WITH CHARM AND EARRING,JOG. AVEC CHARME ET BOUCLE D'OREILLES
11320,JGO. DE SORTIJAS,11,SET OF RINGS,ENSEMBLE DE BAGUES
11321,JGO.COLLAR,11,NECKLACE SET,ENSEMBLE DE COLLIERS
11322,JUEGO,11,GAME,JEU
11323,JGO.DE COLLAR Y ARETE,11,NECKLACE AND EARRING SET,ENSEMBLE COLLIER ET BOUCLES D'OREILLES
11324,JGO.DE YUGO Y PASADOR,11,YOKE AND PIN SET,ENSEMBLE DE JANTE ET D'AXE
11325,JGO.TENEDOR Y CUCHILLO,11,FORK AND KNIFE SET,ENSEMBLE FOURCHETTE ET COUTEAU
11326,JGO.GARGANT.,11,GARGAN SET,ENSEMBLE GARGAN
11327,JGO. DE DIJE Y SORTIJA,11,SET OF PENDANT AND RING,ENSEMBLE PENDENTIF ET BAGUE
11400,BISUTERIA,11,IMITATION JEWELRY,BIJOUX FANTAISIE
11401,PEINETAS,11,COMBS,PEIGNES
11402,PELLIZCOS,11,PINCHES,PINCEAUX
11403,ROLOS,11,ROLLERS,ROULEAUX
11404,HEBILLAS,11,BUCKLES,BOUCLES
11405,GANCHOS,11,HOOKS,CROCHETS
11406,CINTILLOS,11,HEADBANDS,BANDEAU
11407,COLETEROS,11,HAIR TIES,ÉLASTIQUES À CHEVEUX
11408,ADORNOS,11,DECORATIONS,DÉCORATIONS
11409,ESPEJUELOS P/SOL,11,SUNGLASSES,LUNETTES DE SOLEIL
11410,ESPEJUELOS DE LECTURA,11,READING GLASSES,LUNETTES DE LECTURE
11411,ARMADURAS P/LENTES,11,FRAMES FOR LENSES,MONTURES POUR LENTILLES
11412,ARETES,11,EARRINGS,BOUCLES D'OREILLES
11413,ARGOLLAS,11,RINGS,ANNEAUX
11414,DORMILONAS,11,SLEEPERS,COUCHETTES
11415,CADENAS,11,CHAINS,CHAÎNES
11416,COLLARES,11,NECKLACES,COLLIERS
11417,MEDALLAS,11,MEDALS,MÉDAILLES
11418,PASADOR CORBATAS,11,TIE CLIP,PINCE À CRAVATE
11419,PRENDEDORES,11,BROOCHES,BROCHES
11420,DIJES,11,PENDANTS,PENDENTIFS
11421,FETICHES,11,FETISHES,FÉTICHES
11422,GARGANTILLAS,11,CHOKERS,CHOKS
11423,PASADORES,11,PINS,ÉPINGLE
11424,ANILLOS,11,RINGS,ANNEAUX
11425,PULSOS,11,PULSES,POULS
11426,LLAVEROS,11,KEYCHAINS,PORTE-CLÉS
11427,LEONTINAS,11,LEONTINES,Léontines
11428,PERFUMADORES,11,PERFUMERS,PARFUMS
11429,ESTUCHE DE BISUTERIA,11,JEWELRY CASE,ÉTUI À BIJOUX
11430,JUEGOS,11,GAMES,JEUX
11431,BROCHES,11,BROOCHES,BROCHES
11500,RELOJERIA Y ACCESORIOS,11,WATCHES AND ACCESSORIES,MONTRES ET ACCESSOIRES
11501,RELOJ DE HOMBRE,11,MEN'S WATCH,MONTRE POUR HOMME
11502,RELOJ DE MUJER,11,WOMEN'S WATCH,MONTRE POUR FEMME
11503,RELOJ DE NIÑO,11,CHILDREN'S WATCH,SURVEILLANCE DES ENFANTS
11504,RELOJ DE BOLSILLO Y COLGANTE,11,POCKET WATCH AND PENDANT,MONTRE DE POCHE ET PENDENTIF
11505,RELOJ UNISEX,11,UNISEX WATCH,MONTRE UNISEXE
11506,RELOJ DESPERTADOR,11,ALARM CLOCK,RÉVEIL
11507,RELOJ DE MESA,11,TABLE CLOCK,HORLOGE DE TABLE
11508,RELOJ DE PARED,11,WALL CLOCK,HORLOGE MURALE
11509,MANILLA,11,BRACELET,BRACELET
11510,BATERIA,11,BATTERY,BATTERIE
11600,LENTES Y ACCESORIOS,11,LENSES AND ACCESSORIES,LENTILLES ET ACCESSOIRES
11601,LENTES PARA SOL,11,SUNGLASSES,LUNETTES DE SOLEIL
11602,LENTES GRADUADOS,11,PRESCRIPTION LENSES,LENTILLES DE CORRECTION
11603,LENTES DE CONTACTO,11,CONTACT LENSES,LENTILLES DE CONTACT
11604,ARMADURAS,11,ARMOR,ARMURE
11605,ESTUCHES,11,CASES,CAS
11606,ACCESORIOS,11,ACCESSORIES,ACCESSOIRES
12100,VIDEOS,12,VIDEOS,VIDÉOS
12101,TELEVISORES,12,TELEVISIONS,TÉLÉVISIONS
12102,VIDEOS,12,VIDEOS,VIDÉOS
12103,JUEGOS ELECTRÓNICOS,12,ELECTRONIC GAMES,JEUX ÉLECTRONIQUES
12104,LASER DISCO,12,DISC LASER,LASER À DISQUE
12105,CAMARAS DE VIDEO,12,VIDEO CAMERAS,CAMÉRAS VIDÉO
12200,AUDIOS,12,AUDIOS,AUDIOS
12201,TOCADISCOS,12,TURNTABLE,PLATINE
12202,RADIOS,12,RADIOS,RADIOS
12203,RADIO RELOJ,12,CLOCK RADIO,RADIO-RÉVEIL
12204,GRABADORAS,12,RECORDERS,ENREGISTREUSES
12205,RADIO GRABADORAS,12,RADIO RECORDERS,ENREGISTREURS RADIO
12206,REPRODUCTORAS,12,REPRODUCTIVE,REPRODUCTEUR
12207,SISTEMAS DE SONIDOS,12,SOUND SYSTEMS,SYSTÈMES DE SONORISATION
12208,WOLKMAN,12,WOLKMAN,WOLKMAN
12209,DISKMAN,12,DISKMAN,DISKMAN
12210,DECKS,12,DECKS,TERRASSES
12300,COMUNICACIONES,12,COMMUNICATIONS,COMMUNICATIONS
12301,TELÉFONOS,12,TELEPHONES,TÉLÉPHONES
12302,CONTESTADORES,12,ANSWERING MACHINES,RÉPONDEURS
12400,ACC.P/EQUIPOS ELECTRONICOS,12,ACC.P/ELECTRONIC EQUIPMENT,ACC.P/ÉQUIPEMENT ÉLECTRONIQUE
12401,CASSETTES P/VIDEOS VIRGEN,12,VIRGIN VIDEO CASSETTES,CASSETTES VIDÉO VIERGES
12402,CASSETTE DE VIDEO GRABADO,12,RECORDED VIDEO CASSETTE,CASSETTE VIDÉO ENREGISTRÉE
12403,CASSETTES P/AUDIOS VIRGEN,12,VIRGIN AUDIO CASSETTES,Cassettes audio vierges
12404,CASSETTE DE AUDIO GRABADO,12,RECORDED AUDIO CASSETTE,CASSETTE AUDIO ENREGISTRÉE
12405,DISCOS,12,RECORDS,DISQUES
12406,PORTACASSETE Y CD,12,CASSETTE AND CD CASE,BOÎTIER DE CASSETTE ET DE CD
12407,ALBUNES P/DISCOS,12,ALBUMS FOR RECORDS,ALBUMS POUR LES DISQUES
12408,CINTAS P/GRABADORAS,12,TAPES FOR RECORDERS,BANDES POUR ENREGISTREURS
12409,LIGAS P/GRABADORAS,12,BANDS FOR RECORDERS,BANDES POUR FLÛTES À COUTEAUX
12410,ANTENAS,12,ANTENNAS,ANTENNES
12411,BAFFLES,12,BAFFLES,DÉFLECTEURS
12412,REBOBINADORES,12,REWINDERS,REMBOBINEURS
12413,REGULADOR DE VOLTAJE,12,VOLTAGE REGULATOR,RÉGULATEUR DE TENSION
12414,AUDIFONOS,12,EARPHONES,ÉCOUTEURS
12415,MICROFONOS,12,MICROPHONES,MICROPHONES
12416,ADAPTADORES DE ANTENA,12,ANTENNA ADAPTERS,ADAPTATEURS D'ANTENNE
12417,CASSETTES P/JUEGOS,12,GAME CASSETTES,CASSETTES DE JEU
12418,ADAPTADORES P/VIDEOS,12,VIDEO ADAPTERS,ADAPTATEURS VIDÉO
12419,ACCESORIOS DE TV,12,TV ACCESSORIES,ACCESSOIRES TV
12420,ESTUCHE P/CAMARAS DE VIDEO,12,CASE FOR VIDEO CAMERAS,ARGUMENTS EN FAVEUR DES CAMÉRAS VIDÉO
12421,ACCESORIOS P/TELEFONOS,12,PHONE ACCESSORIES,ACCESSOIRES POUR TÉLÉPHONE
12422,CD GRABADOS,12,CD RECORDS,CD DISQUES
12423,TRANSFORMADORES,12,TRANSFORMERS,TRANSFORMERS
12424,CALCULADORAS,12,CALCULATORS,CALCULATRICES
12425,LIMPIA CABEZAL,12,CLEAN HEAD,TÊTE PROPRE
12426,ACCESORIOS,12,ACCESSORIES,ACCESSOIRES
12500,ELEM.ACC.EQUIPOS ELECTRONICOS,12,ELECTRONIC EQUIPMENT ACCESSORIES,ACCESSOIRES POUR ÉQUIPEMENTS ÉLECTRONIQUES
12501,BASES P/TELEVISORES,12,TV BASES,BASES DE TÉLÉVISION
12502,BATERIAS MULTIPROPOSITO,12,MULTIPURPOSE BATTERIES,BATTERIES MULTIUSAGES
12503,BATERIA ALCALINA,12,ALKALINE BATTERY,PILE ALCALINE
12504,BATERIA RECARGABLE,12,RECHARGEABLE BATTERY,BATTERIE RECHARGEABLE
12505,BATERIA BUTTON CELL,12,BUTTON CELL BATTERY,PILE BOUTON
12506,CARGADOR DE BATERIA,12,BATTERY CHARGER,CHARGEUR DE BATTERIE
12507,PROTECTOR DE LINEAS,12,LINE PROTECTOR,PROTECTEUR DE LIGNE
12600,PIEZAS REP. EQ. ELECTRONICOS,12,REPAIR PARTS FOR ELECTRONIC EQUIPMENT,PIÈCES DE RECHANGE POUR ÉQUIPEMENTS ÉLECTRONIQUES
12601,PZAS. REPUESTO P/TELEVISORES,12,TV SPARE PARTS,PIÈCES DÉTACHÉES POUR TÉLÉVISEURS
12602,PZAS. REPUESTO P/VIDEOS,12,REPLACEMENT PARTS FOR VIDEOS,PIÈCES DE RECHANGE POUR VIDÉOS
12700,INSTRUMENTOS MUSICALES,12,MUSICAL INSTRUMENTS,INSTRUMENTS DE MUSIQUE
12701,INSTRUMENTOS MUSICALES,12,MUSICAL INSTRUMENTS,INSTRUMENTS DE MUSIQUE
12702,ACCESORIOS,12,ACCESSORIES,ACCESSOIRES
13100,LINEA BLANCA,13,WHITE GOODS,ÉLECTROMÉNAGER
13101,LAVADORAS,13,WASHING MACHINES,MACHINES À LAVER
13102,REFRIGERADORES,13,REFRIGERATORS,RÉFRIGÉRATEURS
13103,COCINAS A GAS,13,GAS STOVES,CUISINIÈRES À GAZ
13104,HORNOS DE MICROHONDAS,13,MICROWAVE OVENS,FOURS À MICRO-ONDES
13105,LAVADORAS DE PLATOS,13,DISHWASHERS,LAVE-VAISSELLE
13106,FREEZERS,13,FREEZERS,CONGÉLATEURS
13107,COCINAS ELECTRICAS,13,ELECTRIC COOKERS,CUISINIÈRES ÉLECTRIQUES
13108,COMPRESORES,13,COMPRESSORS,COMPRESSEURS
13200,EQUIPOS P/ASEO PERSONAL,13,PERSONAL HYGIENE EQUIPMENT,ÉQUIPEMENT D'HYGIÈNE PERSONNELLE
13201,MÁQUINA DE AFEITAR ELÉCTRICA,13,ELECTRIC SHAVER,RASOIR ÉLECTRIQUE
13202,SECADORA DE PELO,13,HAIR DRYER,SÈCHE-CHEVEUX
13203,MAQUINA DEPILADORA,13,HAIR REMOVAL MACHINE,MACHINE D'ÉPILATION
13300,EQUIPOS DE VENTILACION,13,VENTILATION EQUIPMENT,ÉQUIPEMENT DE VENTILATION
13301,VENTILADORES,13,FANS,FANS
13400,EQUIPOS DOMESTICOS,13,DOMESTIC EQUIPMENT,ÉQUIPEMENT DOMESTIQUE
13401,OLLAS ARROCERAS,13,RICE COOKERS,CUISEURS DE RIZ
13402,OLLAS FREIDORAS,13,FRYING POTS,POÊLES
13403,BATIDORAS Y LICUADORAS,13,Mixers and Blenders,Mixeurs et mélangeurs
13404,PLANCHAS,13,IRONS,FERS
13405,EXTRACTOR DE JUGOS,13,JUICE EXTRACTOR,EXTRACTEUR DE JUS
13406,MEZCLADORAS,13,MIXERS,MÉLANGES
13407,CUCHILLO ELÉCTRICO,13,ELECTRIC KNIFE,COUTEAU ÉLECTRIQUE
13408,ENCENDEDOR DE COCINA,13,KITCHEN LIGHTER,BRIQUET DE CUISINE
13409,CAFETERAS ELÉCTRICAS,13,ELECTRIC COFFEE MACHINES,MACHINES À CAFÉ ÉLECTRIQUES
13410,DESHUMIFICADORES,13,DEHUMIDIFIERS,DÉSHUMIDIFICATEURS
13411,ASPIRADORAS,13,VACUUM CLEANERS,ASPIRATEURS
13412,HELADERAS,13,REFRIGERATORS,RÉFRIGÉRATEURS
13413,CALENTADOR DE AGUA,13,WATER HEATER,CHAUFFE-EAU
13414,DUCHAS ELÉCTRICAS,13,ELECTRIC SHOWERS,DOUCHES ÉLECTRIQUES
13416,SARTENES ELECTRICOS,13,ELECTRIC FRYING PANS,POÊLES À FRIRE ÉLECTRIQUES
13417,OLLAS D/PRESION ELECTRICAS,13,ELECTRIC PRESSURE COOKERS,AUTOCUISEURS ÉLECTRIQUES À PRESSION
13418,LAMPARAS DE EMERGENCIA,13,EMERGENCY LAMPS,LAMPES DE SECOURS
13419,PROCESADORES DE ALIMENTOS,13,FOOD PROCESSORS,TRANSFORMATEURS ALIMENTAIRES
13420,MAQUINA DE COSER,13,SEWING MACHINE,MACHINE À COUDRE
13500,PZAS.REP.P/ELECTRODOMESTICOS,13,PARTS FOR APPLIANCES,PIÈCES POUR APPAREILS ÉLECTROMÉNAGERS
13501,PZAS. REP. P/VENTIDADORES,13,PARTS FOR FANS,PIÈCES POUR VENTILATEURS
13502,PZAS. REP. P/LAVADORAS,13,REPLACEMENT PARTS FOR WASHING MACHINES,PIÈCES DE RECHANGE POUR MACHINES À LAVER
13503,PZAS. REP. P/REFRIGERADORES,13,REFRIGERATOR REPLACEMENT PARTS,PIÈCES DE RECHANGE POUR RÉFRIGÉRATEUR
13504,PZAS. REP. P/COCINAS,13,KITCHEN REPLACEMENT PIECES,PIÈCES DE REMPLACEMENT POUR LA CUISINE
13505,PZAS. REP. P/LAVAVAJILLAS,13,Dishwasher Replacement Parts,Pièces de rechange pour lave-vaisselle
13506,PZAS. REP. BATIDORAS Y LICUAD.,13,PARTS. REPLACEMENT MIXERS AND BLENDERS,PIÈCES DE RECHANGE POUR MÉLANGEURS ET BLENDERS
13507,PZA.  REP. OLLAS ELECTRICAS,13,PARTS REPAIR ELECTRIC COOKERS,PIÈCES DE RÉPARATION POUR CUISINIÈRES ÉLECTRIQUES
14100,ARTICULOS Y PIEZAS DE COCINA,14,KITCHEN ARTICLES AND PARTS,ARTICLES ET PIÈCES DE CUISINE
14101,PELADOR DE PAPAS,14,POTATO PEELER,ÉPOULET À POMMES DE TERRE
14102,ESPUMADERAS,14,SKIMMERS,ÉCREMIERS
14103,CUCHILLOS DE COCINA,14,KITCHEN KNIVES,COUTEAUX DE CUISINE
14104,OLLAS DE PRESION,14,PRESSURE COOKERS,AUTOCUISEURS À PRESSION
14105,CAFETERAS,14,COFFEE MACHINES,MACHINES À CAFÉ
14106,CAZUELAS,14,CASSEROLES,CASSEROLES
14107,SARTENES,14,FRYING PANS,POÊLES À FRIRE
14108,ABRIDOR,14,OPENER,OUVREUR
14109,COLADORES,14,STRAINERS,PASSIERS
14110,MAQUINA DE MOLER CARNE,14,MEAT GRINDER,HACHEUR À VIANDE
14111,POTES,14,POTS,POTS
14112,COCINA Y ESTUFAS KEROSENE,14,Kerosene Cookers and Stoves,Cuisinières et poêles à pétrole
14113,BALON Y REGULADOR GAS,14,GAS CYLINDER AND REGULATOR,BOUTEILLE À GAZ ET RÉGULATEUR
14114,TERMOS,14,THERMOS,THERMOS
14115,ESCURRIDOR,14,WRINGER,ESSOREUSE
14116,JARRAS,14,JUGS,PICHES
14117,ACC.P/COCINA,14,ACC.P/KITCHEN,ACC.P/CUISINE
14200,ARTICULOS Y PIEZAS DE MESA,14,TABLEWARE AND ARTICLES,ARTICLES DE TABLE ET ARTICLES
14201,VASOS,14,GLASSES,LUNETTES
14202,PLATOS,14,DISHES,PLATS
14203,CUCHARAS,14,SPOONS,CUILLÈRES
14204,TENEDORES,14,FORKS,FOURCHES
14205,CUCHILLOS DE MESA,14,TABLE KNIVES,COUTEAUX DE TABLE
14206,FUENTES DE MESA,14,TABLETOP SERVINGS,SERVICE À TABLE
14207,JUEGOS,14,GAMES,JEUX
14208,JARRAS,14,JUGS,PICHES
14210,POTES,14,POTS,POTS
14211,TAZAS,14,MUGS,MUGS
14212,CUCHARITAS,14,SPOONS,CUILLÈRES
14213,COPAS,14,CUPS,TASSES
14300,ARTICULOS DE LIMPIEZA,14,CLEANING SUPPLIES,PRODUITS DE NETTOYAGE
14301,ESTROPAJOS,14,SCOURING PADS,TAMPONS À RÉCURRSER
14302,ESCOBAS,14,BROOMS,BALAIS
14303,FRAZADAS DE PISO,14,FLOOR BLANKETS,COUVERTURES DE SOL
14304,RECOGEDORES,14,COLLECTORS,COLLECTIONNEURS
14305,TRAPEADORES,14,MOPS,Balais
14306,CONTENEDORES DE BASURA,14,GARBAGE CONTAINERS,POUBELLES
14307,PLUMEROS,14,FEATHER BALLS,BOULES DE PLUMES
14308,HARAGANES,14,LAZY PEOPLE,LES PARESSEUX
14309,BRILLADORES,14,POLISHES,POLISSAGES
14310,CUBOS,14,CUBES,CUBES
14311,TRAMPAS,14,TRAPS,PIÈGES
14312,TABLAS DE PLANCHAR,14,IRONING BOARDS,PLANCHES À REPASSER
14313,PALANGANAS,14,BASINS,BASSINS
14400,ELEMENTOS DECORATIVOS,14,DECORATIVE ELEMENTS,ÉLÉMENTS DÉCORATIFS
14401,PLANTAS ARTIFICIALES,14,ARTIFICIAL PLANTS,PLANTES ARTIFICIELLES
14402,PLANTAS NATURALES,14,NATURAL PLANTS,PLANTES NATURELLES
14403,MACETAS,14,POTS,POTS
14404,CUADROS,14,PAINTINGS,PEINTURES
14405,ESPEJOS,14,MIRRORS,MIROIRS
14406,ESTERAS,14,MATS,TATS
14407,TOLDOS,14,AWNINGS,AUVENTS
14408,LAMPARAS,14,LAMPS,LAMPES
14409,FLORES,14,FLOWERS,FLEURS
14410,ADORNOS,14,DECORATIONS,DÉCORATIONS
14411,BUCAROS,14,BUCAROS,BUCAROS
14412,CANASTA,14,BASKET,PANIER
14413,PORTAVASOS,14,CUP HOLDERS,PORTE-GOBELETS
14414,CENTROS DE MESAS,14,TABLE CENTERPIECES,CENTRES DE TABLE
14415,TAPIZ,14,TAPESTRY,TAPISSERIE
14416,ALFOMBRAS,14,CARPETS,TAPIS
14417,VELAS,14,CANDLES,BOUGIES
14500,ACC.Y ELEM.P/ESTANCOS,14,ACC. AND ELEMENTS FOR TOBACCONISTS,ACCESSOIRES ET ÉLÉMENTS POUR LES TABACISTES
14501,CENICEROS,14,ASHTRAYS,CENDRIERS
14502,FOSFORERAS,14,PHOTOVOLTAGES,PHOTOVOLTAGES
14503,BALON RELLENAR FOSFORERA,14,BALL TO FILL MATCHBOX,BALLE POUR REMPLIR LA BOÎTE D'ALLUMETTES
14504,PIEDRA DE FOSFORERA,14,PHOSPHORUS STONE,PIERRE DE PHOSPHORE
14505,OTROS ELEMENTOS DE ESTANCO,14,OTHER WATERPROOFING ELEMENTS,AUTRES ÉLÉMENTS D'ÉTANCHÉITÉ
14506,FOSFOROS,14,MATCHES,MATCHS
14600,PRODUCTOS P/LA LIMPIEZA,14,CLEANING PRODUCTS,PRODUITS DE NETTOYAGE
14601,INSECTICIDAS,14,INSECTICIDES,INSECTICIDES
14602,REPELENTES,14,REPELLENTS,RÉPULSIFS
14603,SALFUMAN,14,SALFUMAN,SALFUMAN
14604,AMBIENTADORES,14,AIR FRESHENERS,DÉSODORISANTS
14605,BLANQUEADORES,14,BLEACHERS,BLANCS
14606,CREOLINA,14,CREOLINE,CRÉOLINE
14607,LIMPIADOR,14,CLEANER,NETTOYEUR
14608,DESENGRASANTES,14,DEGREASERS,DÉGRAISSANTS
14609,MAQUINA P/LIMPIAR,14,CLEANING MACHINE,MACHINE DE NETTOYAGE
14610,DETERGENTES,14,DETERGENTS,DÉTERGENTS
14611,SUAVIZANTES,14,SOFTENERS,ADOUCISSANTS
14700,PAPELERIA,14,STATIONERY,PAPETERIE
14701,PAPEL SANITARIO,14,TOILET PAPER,PAPIER TOILETTE
14702,PAPEL DE ALUMINIO,14,FOIL,DÉJOUER
14703,SERVILLETAS DE PAPEL,14,PAPER NAPKINS,SERVIETTES EN PAPIER
14705,PAPEL ENCERADO,14,WAX PAPER,PAPIER CIRÉ
14706,PAPEL DE REGALO,14,GIFT WRAPPING,EMBALLAGE CADEAU
14707,PAPEL CELOFAN,14,CELLOPHANE PAPER,PAPIER CELLOPHANE
14800,PRODUCTO P/LIMPIEZA DE CALZADO,14,SHOE CLEANING PRODUCT,PRODUIT DE NETTOYAGE DE CHAUSSURES
14801,BETUN,14,BITUMEN,BITUME
14802,TINTA,14,INK,ENCRE
14803,CEPILLO,14,BRUSH,BROSSE
14804,ESPONJA P/LIMPIEZA CALZADO,14,SHOE CLEANING SPONGE,ÉPONGE DE NETTOYAGE DE CHAUSSURES
14805,CALZADORES,14,SHOESHOES,CHAUSSURES
14806,CORDONES,14,shoelaces,lacets de chaussures
14900,REPUESTO P/FERRETERIA DOMESTICA,14,SPARE PART FOR DOMESTIC HARDWARE,PIÈCE DE RECHANGE POUR QUINCAILLERIE DOMESTIQUE
14901,ACCESORIOS P/CAFETERAS,14,COFFEE MACHINES ACCESSORIES,ACCESSOIRES POUR MACHINES À CAFÉ
14902,ACCESORIOS P/OLLA DE PRESIÓN,14,PRESSURE COOKER ACCESSORIES,ACCESSOIRES POUR AUTOCUISEURS
14903,ACCESORIOS P/MAQUINA MOLER,14,ACCESSORIES FOR GRINDING MACHINE,ACCESSOIRES POUR MACHINE À BROYER
14001,ARTICULOS DE NAVIDAD,14,CHRISTMAS ITEMS,ARTICLES DE NOËL
14002,ARBOL DE NAVIDAD,14,CHRISTMAS TREE,ARBRE DE NOËL
14003,SANTA CLAUS,14,SANTA CLAUS,LE PÈRE NOËL
14004,FLORES NAVIDEÑAS P/PARED,14,CHRISTMAS FLOWERS FOR WALL,FLEURS DE NOËL POUR MUR
14005,CAMPANAS,14,BELLS,CLOCHES
14006,MUÑECOS DE NIEVES,14,SNOWMEN,BONHOMMES DE NEIGE
14007,GUIRNALDAS,14,GARLANDS,GUIRLANDES
14008,BOLSAS C/ARTICULOS DE NAVIDAD,14,BAGS WITH CHRISTMAS ITEMS,SACS AVEC DES ARTICLES DE NOËL
14009,TROMPETAS,14,TRUMPETS,TROMPETTES
14010,PIÑAS DE PINO,14,PINE CONES,POMMES DE PIN
14011,VELAS,14,CANDLES,BOUGIES
14012,AROS DE NAVIDAD,14,CHRISTMAS RINGS,BAGUES DE NOËL
14013,BOLAS,14,BALLS,BALLES
14014,PICO,14,BEAK,BEC
14015,CAJITAS MINIATURAS,14,MINIATURE BOXES,BOÎTES MINIATURES
14016,MANZANITAS,14,LITTLE APPLES,PETITES POMMES
14017,ADORNOS DE NAVIDAD,14,CHRISTMAS DECORATIONS,DÉCORATIONS DE NOËL
15001,PINTURA DECOR.E INDUST.FERRET.,15,DECOR.E INDUST.FERRET PAINTING.,DÉCOR.E INDUST.PEINTURE DE FURET.
15002,PINTURAS EMULSIONADAS,15,EMULSIFIED PAINTS,PEINTURES ÉMULSIFIÉES
15003,BARNICES P/MADERA,15,WOOD VARNISHES,VERNIS À BOIS
15004,SELLADORES,15,SEALANTS,Mastic d'étanchéité
15005,DILUENTES,15,DILUENTS,DILUANTS
15006,ESMALTES,15,ENAMELS,ÉMAILS
15007,FONDOS ANTICORROSIVOS,15,ANTI-CORROSIVE FUNDS,FONDS ANTICORROSIFS
15008,LACAS,15,LACQUERS,LAQUES
15009,PINTURAS DE ACEITES,15,OIL PAINTS,PEINTURES À L'HUILE
15010,MASILLA PLASTICA,15,PLASTIC PUTTY,PÂTE À MODELER
15011,REMOVEDORES,15,REMOVERS,DÉMAQUILLANTS
15012,SELLADORES P/MADERAS,15,WOOD SEALANTS,MASTICS À BOIS
15013,SOLVENTES,15,SOLVENTS,SOLVANTS
15014,FONDOS P/AUTOS,15,FUNDS FOR CARS,FONDS POUR LES VOITURES
15015,MASILLA P/AUTOS,15,CAR PUTTY,Pâte à modeler pour voiture
15016,OTRAS PINTURAS Y ADITAMENTOS,15,OTHER PAINTS AND ADDITIVES,AUTRES PEINTURES ET ADDITIFS
15017,TORNILLOS,15,SCREWS,VIS
15018,TORNILLOS DE MAQUINA,15,MACHINE SCREWS,VIS À MACHINES
15019,TORNILLOS DE CARRUAJES,15,CARRIAGE BOLTS,BOULONS DE CHARIOT
15020,TUERCAS P/TORNILLOS,15,NUTS FOR SCREWS,Écrous pour vis
15021,ARANDELAS P/TORNILLOS,15,SCREW WASHERS,RONDELLES À VIS
15022,TORNILLOS ROSCA MADERA,15,WOOD THREAD SCREWS,VIS À FILETAGE POUR BOIS
15023,TORNILLOS ROSCA CHAPA,15,SHEET METAL THREAD SCREWS,VIS À FILETAGE POUR TÔLE
15024,TUERCAS P/TORNILLOS ESTUFAS,15,NUTS FOR STOVE SCREWS,Écrous pour vis de cuisinière
15025,PASADORES P/EJES,15,AXLE PINS,AXES DE PISTON
15026,EXPANSIONES,15,EXPANSIONS,EXTENSIONS
15027,PEGAMENTOS,15,ADHESIVES,ADHÉSIFS
15028,PEG.P/CARTON,15,PEG.P/CARDBOARD,PEG.P/CARTON
15029,PEG.DOBLE CONT.P/FORM.LINOL.,15,PEG.DOBLE CONT.P/FORM.LINOL.,PEG.DOBLE CONT.P/FORM.LINOL.
15030,BROCHAS,15,BRUSHES,PINCEAUX
15031,BROCHAS DE FIBRA SINTETICA,15,SYNTHETIC FIBER BRUSHES,BROSSES EN FIBRES SYNTHÉTIQUES
15032,BROCHAS DE CERDA ANIMAL,15,ANIMAL BRISTLE BRUSHES,BROSSES À POILS ANIMAUX
15033,RODILLO P/PINTAR,15,PAINT ROLLER,ROULEAU À PEINTURE
15034,PINCELES,15,BRUSHES,PINCEAUX
15035,BANDEJA P/RODILLO,15,ROLLING PIN TRAY,PLATEAU À ROULEAU À PÂTISSERIE
15036,SET DE RODILLOS C/BANDEJAS,15,ROLLER SET WITH TRAYS,ENSEMBLE DE ROULEAUX AVEC PLATEAUX
15037,PUNTILLAS,15,LACE,DENTELLE
15038,PUNTILLAS,15,LACE,DENTELLE
15039,REMACHES,15,RIVETS,RIVETS
15040,TACHUELAS,15,TACKS,PUCES
15041,GRAPAS,15,STAPLES,Agrafes
15042,TUBOS DE ACEROS,15,STEEL PIPES,TUYAUX EN ACIER
15043,TUBOS ACEROS SOLDADOS,15,WELDED STEEL TUBES,TUBES EN ACIER SOUDÉS
15044,HERRAJES P/CONST.Y MUEBLES,15,HARDWARE FOR CONSTRUCTION AND FURNITURE,QUINCAILLERIE POUR LA CONSTRUCTION ET L'AMEUBLEMENT
15045,RUEDAS P/MUEBLES,15,FURNITURE WHEELS,ROUES DE MEUBLES
15046,RUEDAS P/CARRETILLAS,15,WHEELS FOR WHEELBARROWS,ROUES POUR BROULÉES
15047,TIRADORES P/MUEBLES,15,FURNITURE HANDLES,POIGNÉES DE MEUBLES
15048,TIRADORES P/PUERTAS,15,DOOR HANDLES,POIGNÉES DE PORTE
15049,TIRADORES P/VENTANAS,15,WINDOW HANDLES,POIGNÉES DE FENÊTRE
15050,ALDABAS DE RETEN,15,RETAINING LATCHES,VERROUS DE RETENUE
15051,RETENES P/MUEBLES,15,Furniture Retainers,Fixations pour meubles
15052,RETENES P/PUERTAS,15,DOOR LOCKS,SERRURES DE PORTE
15053,TOPES P/PUERTAS,15,DOOR STOPS,BUTÉES DE PORTE
15054,ALCAYATAS,15,HOOKS,CROCHETS
15055,CANCAMOS,15,ANCHORS,ANCRES
15056,BISAGRAS,15,HINGES,CHARNIÈRES
15057,CERRADURAS P/PUERTAS,15,DOOR LOCKS,SERRURES DE PORTE
15058,CERRADURAS P/MUEBLES,15,FURNITURE LOCKS,VERROUS DE MEUBLES
15059,CIERRE HIDRAULICOS P/PUERTAS,15,Hydraulic Door Closers,Ferme-portes hydrauliques
15060,PASADORES P/MUEBLES,15,FURNITURE PINS,PIERRES DE MEUBLES
15061,PASADORES P/PUERTAS,15,DOOR LATCHES,VERROUS DE PORTE
15062,PASADORES P/VENTANAS,15,WINDOW PINS,PIGNONS DE FENÊTRE
15063,CANDADOS,15,LOCKS,SERRE-CORPS
15064,PIES DE AMIGO,15,FRIEND'S FEET,PIEDS D'AMI
15065,ESCUADRAS,15,SQUADS,ÉQUIPES
15066,ABRAZADERAS,15,CLAMPS,PINCES
15067,GRAMPAS,15,STAPLES,Agrafes
15068,TENSORES,15,TENSIONERS,TENDEURS
15069,VALV.IND.PARTES,15,VALV.IND.PARTS,VALV.IND.PARTS
15070,VALVULAS DE GLOBOS,15,BALLOON VALVES,VALVES À BALLON
15071,VALVULAS DE CUÑAS,15,WEDGE VALVES,VALVES À COIN
15072,VALVULAS DE RETENSION,15,CHECK VALVES,CLAPETS ANTI-RETOUR
15073,VALVULAS DE BOLAS,15,BALL VALVES,VANNES À BILLE
15074,VALVULAS PARA CISTERNAS Y TANQ,15,VALVES FOR CISTERNS AND TANKS,VANNES POUR CISTERNES ET RÉSERVOIRS
15075,HERRAMIENTAS NO ENERGETICAS,15,NON-ENERGY TOOLS,OUTILS NON ÉNERGÉTIQUES
15076,LLAVES,15,KEYS,CLÉS
15077,DESTORNILLADORES,15,SCREWDRIVERS,TOURNEVIS
15078,ALICATES,15,PLIERS,PINCES
15079,PINZAS,15,TWEEZERS,PINCE À ÉPILER
15080,TENAZAS,15,TONGS,PINCES
15081,LIMAS,15,LIMES,CITRONS
15082,ALCUZAS,15,Oil cans,bidons d'huile
15083,ENTENALLAS,15,PINS,ÉPINGLE
15084,TORNILLOS DE BANCO,15,BENCH VISES,ÉTAUX D'ÉTABLISSEMENT
15085,ESCREPAS,15,SEPEPES,SÉPEPES
15086,VIOLADOR,15,RAPIST,VIOLEUR
15087,CORTA TUBOS,15,PIPE CUTTER,COUPE-TUYAUX
15088,MORDAZAS,15,GAGS,GAGS
15089,CEPOS,15,TRAPS,PIÈGES
15090,CIZALLAS,15,SHEARS,CISAILLES
15091,TIJERAS,15,SCISSORS,CISEAUX
15092,PATA DE CABRAS,15,GOAT'S FOOT,PIED DE CHÈVRE
15093,DOBLADORES,15,BENDERS,BENDERS
15094,NIVELES,15,LEVELS,NIVEAUX
15095,CUCHARAS,15,SPOONS,CUILLÈRES
15096,FROTAS,15,RUB,FROTTER
15097,CINCELES,15,CHISELS,BISEAUX
15098,ESCUADRAS,15,SQUADS,ÉQUIPES
15099,PLOMADAS,15,PLUMB LINES,LIGNES D'ALUMINIUM
15100,BARRETAS,15,CRASH BARS,BARRES DE PROTECTION
15101,BERVIQUIES,15,BERVIQUIES,BERVIQUIES
15102,CEPILLOS,15,BRUSHES,PINCEAUX
15103,PRESILLAS,15,CLAMPS,PINCES
15104,SARGENTOS,15,SERGEANTS,SERGENTS
15105,SACACLABOS,15,Claw Puller,Extracteur de griffes
15106,SERRUCHOS,15,SAWS,SCIES
15107,FALSA ESCUADRA,15,BEVEL SQUARE,ÉQUERRE À BISEAUTAGE
15108,RASPILLA,15,RASPILLA,FRAMBOISE
15109,TRAPADORES DE SERRUCHO,15,SAW MOPS,SÉCHE-SELLES
15110,TRINCHAS,15,TRINCHAS,TRINCHAS
15111,GUBIAS,15,GOUGES,GOUGES
15112,ESCOPLOS,15,CHISELS,BISEAUX
15113,GRAMILES,15,GRAMILES,GRAMILES
15114,MARTILLOS,15,HAMMERS,Marteaux
15115,MANDARRIAS,15,MANDARRIAS,MANDARRIAS
15116,MACETAS,15,POTS,POTS
15117,LEZNAS,15,AWLS,AWLS
15118,BOTADORES,15,DASHBOARDS,TABLEAUX DE BORD
15119,BURILES,15,BURILES,ENTERREMENTS
15120,CENTRO PUNTO,15,CENTER POINT,POINT CENTRAL
15121,LETRAS Y NUMEROS,15,LETTERS AND NUMBERS,LETTRES ET CHIFFRES
15122,RECTIFICADORES,15,RECTIFIERS,REDRESSEURS
15123,SACABOCADOS,15,PUNCH,PUNCH
15124,TAJADERAS,15,CUTTING BOARDS,PLANCHES À DÉCOUPER
15125,YUNQUES,15,ANVIL,ENCLUME
15126,FLEJADORES,15,STRAPPERS,STRAPPERS
15127,CUCHILLAS,15,BLADES,LAMES
15128,BANDEADORES,15,TRAYERS,PLATEAUX
15129,TALADROS,15,DRILLS,PERCEURS
15130,PONCHADORES,15,PUNCHERS,POINGS
15131,MANDRILES,15,MANDRILLS,MANDRINS
15132,JUEGOS,15,GAMES,JEUX
15133,CUBOS P/CONSTRUCCIÓN,15,CONSTRUCTION CUBES,CUBES DE CONSTRUCTION
15134,ESCOFINAS,15,RASPS,RASPS
15135,CAJAS DE HERRAMIENTAS,15,TOOLBOXES,BOÎTES À OUTILS
15136,PISTOLAS DE CILICONA,15,SILICONE GUNS,PISTOLET EN SILICONE
15137,OPRESOR DE ARO,15,RING OPPRESSOR,ANNEAU D'OPPRESSION
15138,TERRAJAS,15,DIP TAPES,BANDES DIP
15139,PUNTAS DESTORNILLADOR,15,SCREWDRIVER BITS,EMBOUTS DE TOURNEVIS
15140,CORTA VIDRIO,15,GLASS CUTTER,COUPE-VERRE
15141,ESPATULAS,15,SPATULAS,SPATULES
15142,ARCOS,15,ARCHES,ARCHES
15143,EXTRACTORES,15,EXTRACTORS,EXTRACTEURS
15144,TIZA LINEA,15,CHALK LINE,LIGNE À LA CRAIE
15145,PRESILLADORA,15,STAPLER,AGRAFEUSE
15146,EMBUDO,15,FUNNEL,ENTONNOIR
15147,PORTA HERRAMIENTAS,15,TOOL HOLDER,PORTE-OUTIL
15148,SOPORTE (BURRO),15,SUPPORT (DONKEY),SOUTIEN (ÂNE)
15149,CORTA CERAMICA,15,CERAMIC CUTTER,COUPE-CÉRAMIQUE
15150,CINTAS METALICAS,15,METALLIC TAPES,BANDES MÉTALLIQUES
15151,CALADOR,15,SAMPLER,ÉCHANTILLONNEUR
15152,DADOS,15,DICE,DÉS
15153,DESMONTADOR DE VALVULAS,15,VALVE DISASSEMBLER,DÉMONTEUR DE VALVE
15154,ESCUADRAS,15,SQUADS,ÉQUIPES
15155,HERRAMIENTAS VARIAS,15,VARIOUS TOOLS,OUTILS DIVERS
15156,PIZON,15,PIZON,PIZON
15157,PLOMADAS,15,PLUMB LINES,LIGNES D'ALUMINIUM
15158,PUNTERO,15,POINTER,AIGUILLE
15159,TRASADOR,15,TRACER,TRACEUR
15160,HERRAMIENTAS ENERGETICAS,15,ENERGY TOOLS,OUTILS ÉNERGÉTIQUES
15161,TALADRO ELECTRICO,15,ELECTRIC DRILL,PERCEUSE ÉLECTRIQUE
15162,CIZALLAS,15,SHEARS,CISAILLES
15163,CALADORAS,15,JIGSAWS,PUZZLES
15164,PULIDORA,15,POLISHER,POLISSEUR
15165,LIJADORAS,15,SANDERS,SANDERS
15166,PUNZONADORAS,15,PUNCHING MACHINES,MACHINES À PERFORATION
15167,RECTIFICADORA,15,GRINDER,BROYEUR
15168,DESTORNILLADORAS,15,SCREWDRIVERS,TOURNEVIS
15169,APRIETA TUERCAS,15,TIGHTEN NUTS,SERRER LES ÉCROUS
15170,TERRAJAS,15,DIP TAPES,BANDES DIP
15171,SIERRA,15,SAW,SCIE
15172,CEPILLOS,15,BRUSHES,PINCEAUX
15173,ESCOPLEADORAS,15,MORTISE MACHINES,MACHINES À MORTEISER
15174,PISTOLA DE ESTAÑAR,15,TINNING GUN,PISTOLET À ÉTABLIR
15175,CAUTINES,15,SOLDERING IRON,FER À SOUDER
15176,PISTOLA DE PINTAR,15,PAINT GUN,PISTOLET À PEINTURE
15177,ROTADORAS,15,ROTATING MACHINES,MACHINES ROTATIVES
15178,MARTILLOS,15,HAMMERS,Marteaux
15179,JUEGOS,15,GAMES,JEUX
15180,REMACHADORAS,15,RIVETING MACHINES,MACHINES À RIVETER
15181,BATERIAS,15,BATTERIES,BATTERIES
15182,SIERRA CIRCULAR,15,CIRCULAR SAW,SCIE CIRCULAIRE
15183,SIERRA ANGULAR,15,ANGLE SAW,SCIE D'ANGLE
15184,LINTERNAS,15,FLASHLIGHTS,LAMPES DE POCHE
15185,HERRAMIENTAS AGRICOLAS/JARDIN,15,AGRICULTURAL/GARDEN TOOLS,OUTILS AGRICOLES/DE JARDINAGE
15186,MACHETE,15,MACHETE,MACHETTE
15187,MOCHAS,15,MOCHAS,MOCHAS
15188,HOCES,15,SICKLES,FAUCILLES
15189,CORTADORAS,15,CUTTERS,COUPEURS
15190,PODADORAS (TIJERAS),15,MOWERS (SHEARS),TONDEUSES (CISAILLEUSES)
15191,ORILLADORAS,15,EDGE CLIPPERS,TONDEUSES À BORDURES
15192,GUADAÑAS,15,Scythes,Faux
15193,AZUELAS,15,STRIPS,BANDES
15194,COAS,15,COAS,COAS
15195,HORCAS,15,GALLOWS,POTENCE
15196,AZADAS,15,HOES,PUTES
15197,PIOCHAS,15,PINS,ÉPINGLE
15198,PICOS,15,PEAKS,SOMMETS
15199,PALAS,15,PALLAS,PALLAS
15200,GARABATOS,15,SCRAWL,GRIFFONNER
15201,VIRAPALOS,15,VIRAPALOS,VIRAPALOS
15202,CARGANTIMBAS,15,CARGANTIMBAS,CARGANTIMBAS
15203,RASTRILLOS,15,RAKES,RÂTEAU
15204,JUEGOS,15,GAMES,JEUX
15205,ESCOBAS,15,BROOMS,BALAIS
15206,EQUIPOS DE GARAJES,15,GARAGE EQUIPMENT,ÉQUIPEMENT DE GARAGE
15207,PLANTAS DE IZAJES,15,LIFTING PLANTS,INSTALLATIONS DE LEVAGE
15208,COMPRESORES,15,COMPRESSORS,COMPRESSEURS
15209,SISTEMA DE LUBRICACIÓN,15,LUBRICATION SYSTEM,SYSTÈME DE LUBRIFICATION
15210,CARGADORES DE BATERIAS,15,BATTERY CHARGERS,CHARGEURS DE BATTERIE
15211,SISTEMA DE FREGADO,15,MIXING SYSTEM,SYSTÈME DE MÉLANGE
15212,GATOS,15,CATS,CHATS
15213,INST.MEDIC.PARAMET.ELECTRICOS,15,INST.MEDIC.PARAMET.ELECTRICOS,INST.MÉDICAL.PARAMET.ÉLECTRIQUES
15214,MULTIMETROS,15,MULTIMETERS,MULTIMÈTRES
15215,MEGOMETROS,15,MEGOMETERS,MÉGOMÈTRES
15216,AMPERIMETROS,15,AMMETERS,AMPÈRES
15217,OMMIMETROS,15,OMMIMETERS,MÈTRES
15218,WATTMETROS,15,WATTMETERS,WATTMÈTRES
15219,INST.MEDIC.PARAM.NO ELECTR.,15,INST.MEDIC.PARAM.NO ELECTR.,INST.MÉDICAL.PARAM.SANS ÉLECTR.
15220,LIENZAS,15,LIENZAS,LIENS
15221,METROS PLEGABLES,15,FOLDING METERS,MÈTRES PLIANTS
15222,REGLAS,15,RULES,RÈGLES
15223,PIE DE REY,15,VERNIER CALIPER,PIED À ÉTIRAGE VERNIER
15224,CINTAS,15,TAPES,BANDES
15225,MICROMETROS,15,MICROMETERS,MICROMÈTRES
15226,DENSIMETROS,15,DENSIMETERS,DENSIMÈTRES
15227,COMPASES,15,COMPASSES,COMPAS
15228,CALIBRADORES,15,CALIBRATORS,CALIBRATEURS
15229,COMPAS DE CARATULA,15,COMPASS OF THE COVER,COMPAS DE LA COUVERTURE
15230,MANOMETRO,15,PRESSURE GAUGE,MANOMÈTRE
15231,COMPRESIMETRO,15,COMPRESSION METER,COMPRESSIONMÈTRE
15232,EQUIPOS P/SOLDAR,15,WELDING EQUIPMENT,ÉQUIPEMENT DE SOUDAGE
15233,DE GASES,15,OF GASES,DES GAZ
15234,ELECTRICOS,15,ELECTRIC,ÉLECTRIQUE
15235,JUEGOS,15,GAMES,JEUX
15236,ACCESORIOS P/SOLDAR,15,WELDING ACCESSORIES,ACCESSOIRES DE SOUDAGE
15237,PARA SOLDADURA ELECTRICA,15,FOR ELECTRIC WELDING,POUR LE SOUDAGE ÉLECTRIQUE
15238,SOLDADURA POR GAS,15,GAS WELDING,SOUDAGE AU GAZ
15239,JUEGOS,15,GAMES,JEUX
15240,UTILES DE CORTES,15,CUTTING TOOLS,OUTILS DE COUPE
15241,MACHOS,15,MALES,HOMMES
15242,DADOS,15,DICE,DÉS
15243,RIMAS,15,RHYMES,RIMEES
15244,AVELLANADORES,15,SNACKERS,SNACKERS
15245,BARRENAS,15,DRILLS,PERCEURS
15246,SEGUETAS,15,Hacksaw blades,Lames de scie à métaux
15247,CUCHILLAS,15,BLADES,LAMES
15248,FRESAS,15,STRAWBERRIES,FRAISES
15249,TERRAJAS,15,DIP TAPES,BANDES DIP
15250,JUEGOS,15,GAMES,JEUX
15251,PIEDRA ABRASIVA,15,ABRASIVE STONE,PIERRE ABRASIALE
15252,DISCOS,15,RECORDS,DISQUES
15253,HOJAS DE SIERRA,15,SAW BLADES,LAMES DE SCIE
15254,SIERRA DE COPA,15,CUP SAW,SCIE À TUBES
15255,ELEMENTOS DE IZAJES,15,LIFTING ELEMENTS,ÉLÉMENTS DE LEVAGE
15256,GRUAS HIDRAULICAS,15,HYDRAULIC CRANES,GRUES HYDRAULIQUES
15257,DIFERENCIALES DE CADENAS,15,CHAIN ​​DIFFERENTIALS,DIFFÉRENTIELS DE CHAÎNE
15258,PRODUCTOS DE REVESTIMIENTO,15,COATING PRODUCTS,PRODUITS DE REVÊTEMENT
15259,REVESTIMIENTO MURAL,15,WALL CLADDING,REVÊTEMENT MURAL
15260,REVESTIMIENTO DE PISOS,15,FLOOR COVERING,REVÊTEMENT DE SOL
15261,ACCESORIOS P/REVESTIMIENTO,15,ACCESSORIES FOR CLADDING,ACCESSOIRES POUR REVÊTEMENT
15262,OTROS,15,OTHERS,AUTRES
15263,MATERIAL/ACCESOR.CARPINTERIA,15,MATERIAL/ACCESSORY.CARPENTRY,MATÉRIEL/ACCESSOIRES. MENUISERIE
15264,MADERA ASERRADA,15,SAWN TIMBER,BOIS SCIE
15265,PLYWOOD,15,PLYWOOD,CONTRE-PLAQUÉ
15266,CARTON TABLA,15,CARDBOARD BOARD,CARTON
15267,OTROS,15,OTHERS,AUTRES
15268,MUEBLES SANITARIOS,15,SANITARY WARE,ARTICLES SANITAIRES
15269,INODORO,15,LAVATORY,TOILETTES
15270,LAVAMANOS,15,WASHBASIN,LAVABO
15271,BIDES,15,BIDES,OFFRES
15272,URINARIOS,15,URINALS,URINES
15273,BAÑADERAS,15,BATHTUBS,BAIGNOIRES
15274,PLATOS DE DUCHAS,15,SHOWER TRAYS,BAC DE DOUCHE
15275,LAVADEROS,15,WASHBASINS,LAVABOS
15276,FREGADEROS,15,SINKS,ÉVIERS
15277,JUEGOS,15,GAMES,JEUX
15278,GRIFOS/ACCES.MUEBLES SANITAR.,15,TAPS/SANITARY FURNITURE ACCESSORIES.,ROBINETS/ACCESSOIRES POUR MOBILIER SANITAIRE.
15279,ACCESORIO INODORO,15,TOILET ACCESSORY,ACCESSOIRE DE TOILETTES
15280,FLOTADOR,15,FLOAT,FLOTTER
15281,ACCES. P/LAVAMANOS,15,ACCESS FOR WASHBASIN,ACCÈS AU LAVABOS
15282,ACCES. BIDES,15,ACCESS. BIDES,ACCÈS. OFFRES
15283,ACCESORIOS URINARIOS,15,URINARY ACCESSORIES,ACCESSOIRES URINAIRES
15284,ACCESORIOS BAÑADERAS,15,BATH ACCESSORIES,ACCESSOIRES DE BAIN
15285,ACCESORIOS PLATOS DE DUCHAS,15,SHOWER TRAY ACCESSORIES,ACCESSOIRES POUR PLATEAU DE DOUCHE
15286,ACCESORIOS LAVADEROS,15,WASHBASIN ACCESSORIES,ACCESSOIRES DE LAVABO
15287,ACCESORIOS FREGADEROS,15,SINK ACCESSORIES,ACCESSOIRES POUR ÉVIER
15288,ACCESORIOS DUCHAS,15,SHOWER ACCESSORIES,ACCESSOIRES DE DOUCHE
15289,LLAVES VARIAS,15,VARIOUS KEYS,CLÉS DIVERSES
15290,TANQUE DE AGUA,15,WATER TANK,RÉSERVOIR D'EAU
15291,MANGUERA INDUSTRIAL,15,INDUSTRIAL HOSE,TUYAU INDUSTRIEL
15292,ARTICULOS P/PROTECC.HUMANA,15,ARTICLES FOR HUMAN PROTECTION,ARTICLES POUR LA PROTECTION HUMAINE
15293,PARA LA CABEZA,15,FOR THE HEAD,POUR LA TÊTE
15294,PARA EL TRONCO,15,FOR THE TRUNK,POUR LE COFFRE
15295,PARA EXTREMIDADES SUPERIORES,15,FOR UPPER EXTREMITIES,POUR LES EXTRÉMITÉS SUPÉRIEURES
15296,PARA EXTREMEDIDADES INFERIORES,15,FOR LOWER EXTREMEDITIES,POUR LES MEMBRES INFÉRIEURS
15297,PARA EL CUERPO,15,FOR THE BODY,POUR LE CORPS
15298,CARPINTERIA,15,CARPENTRY,CHARPENTERIE
15299,CARPINTERIA DE MADERA,15,WOODWORKING,TRAVAIL DU BOIS
15300,CARPINTERIA DE ALUMINIO,15,ALUMINUM CARPENTRY,MENUISERIE EN ALUMINIUM
15301,CARPINTERIA ACERO INOXIDABLE,15,STAINLESS STEEL CARPENTRY,MENUISERIE EN ACIER INOXYDABLE
15302,CARPINTERIA DE YESO,15,PLASTERBOARD CARPENTRY,MENUISERIE EN PLAQUES DE PLÂTRE
15303,TABIQUERIA,15,PARTITION WALLS,MURS DE SÉPARATION
15304,MATERIAL ELECTRIC./ACCESORIOS,15,ELECTRICAL MATERIAL/ACCESSORIES,MATÉRIEL/ACCESSOIRES ÉLECTRIQUES
15305,ALAMBRES,15,WIRES,FILS
15306,CABLES ELECTRICOS,15,ELECTRICAL CABLES,CÂBLES ÉLECTRIQUES
15307,CONECTORES ELECTRICOS,15,ELECTRICAL CONNECTORS,CONNECTEURS ÉLECTRIQUES
15308,CELDAS FOTOELECTRICAS,15,PHOTOELECTRIC CELLS,CELLULES PHOTOÉLECTRIQUES
15309,ACCES.CELDAS FOTOELECTRICAS,15,ACCESS TO PHOTOELECTRIC CELLS,ACCÈS AUX CELLULES PHOTOÉLECTRIQUES
15310,CAJAS ELECTRICAS,15,ELECTRICAL BOXES,BOÎTES ÉLECTRIQUES
15311,REGISTROS,15,RECORDS,DISQUES
15312,CARTUCHOS FUSIBLES,15,FUSE CARTRIDGES,CARTOUCHES FUSIBLES
15313,PANELES,15,PANELS,PANNEAUX
15314,PORTAFUSIBLES,15,FUSE HOLDER,PORTE-FUSIBLE
15315,SPAGUETTIS,15,SPAGHETTI,SPAGHETTI
15316,TERMINALES ELECTRICAS,15,ELECTRICAL TERMINALS,BORNES ÉLECTRIQUES
15317,ALAMBRES C/AISLANTES,15,INSULATED WIRES,FILS ISOLÉS
15318,TAPES ELECTRICOS,15,ELECTRICAL TAPE,RUBAN ÉLECTRIQUE
15319,BREAKERS,15,BREAKERS,DISJONCTEURS
15320,ACC.P/CAJAS ELECTRICAS,15,ACC.P/ELECTRICAL BOXES,BOÎTES ÉLECTRIQUES/ACC.P
15321,CABLES CONTROL Y SEÑALIZACION,15,CONTROL AND SIGNALING CABLES,CÂBLES DE COMMANDE ET DE SIGNALISATION
15322,CONTADORES,15,ACCOUNTANTS,COMPTABLES
15323,FUSIBLES,15,FUSES,FUSIBLES
15324,LINEAS DE DISTRIBUCION,15,DISTRIBUTION LINES,LIGNES DE DISTRIBUTION
15325,LAMINAS DE FUSIBLES,15,FUSE SHEETS,FEUILLES FUSIBLES
15326,PLACAS,15,PLATES,ASSIETTES
15327,ANALIZADORES ELECTRICOS,15,ELECTRICAL ANALYZERS,ANALYSEURS ÉLECTRIQUES
15328,INTERRUPTORES,15,SWITCHES,INTERRUPTEURS
15329,TOMACORRIENTE,15,POWER OUTLET,PRISE DE COURANT
15330,EQUIPOS DE VERIFICACION,15,VERIFICATION EQUIPMENT,ÉQUIPEMENT DE VÉRIFICATION
15331,BALASTROS,15,BALLASTS,BALLASTS
15332,RESISTENCIAS,15,RESISTANCES,RÉSISTANCES
15333,SOCKETS,15,SOCKETS,PRISES
15334,TAPONES,15,PLUGS,PRISES
15335,GRAPAS,15,STAPLES,Agrafes
15336,TUBERIA DE COBRE,15,COPPER TUBING,TUBES EN CUIVRE
15337,ENCENDEDORES,15,LIGHTERS,BRIQUETS
15338,ARRANQUE MAGNETICO,15,MAGNETIC START,DÉMARRAGE MAGNÉTIQUE
15339,ALAMBRE ENROLLAR,15,WIRE TO ROLLE,FIL À ROULEAU
15340,BASE Y CUBIERTAS P/FUSIBLES,15,FUSE BASES AND COVERS,SOUCHES ET COUVERCLES DE FUSIBLES
15341,CABLES TELEFONICOS,15,TELEPHONE CABLES,CÂBLES TÉLÉPHONIQUES
15342,CONTACTORES,15,CONTACTORS,ENTREPRENEURS
15343,CAPACITORES,15,CAPACITORS,CONDENSATEURS
15344,CLAVIJAS,15,PLUGS,PRISES
15345,DESCONECTIVOS,15,DISCONNECTIVES,DÉCONNECTEURS
15346,DESCON. FUSIBLES,15,FUSE DISCONNECT,DÉCONNEXION DU FUSIBLE
15347,EXTENSIONES ELECTRICAS,15,ELECTRICAL EXTENSION CORDS,ROULEMENTS ÉLECTRIQUES
15348,OTROS MATERIALES DE PVC,15,OTHER PVC MATERIALS,AUTRES MATÉRIAUX EN PVC
15349,PARARRAYOS,15,LIGHTNING ROD,PARATONNERRE
15350,TRANSFORMADORES,15,TRANSFORMERS,TRANSFORMERS
15351,TUBERIA DE PVC,15,PVC PIPE,TUYAU EN PVC
15352,CONEXIONES P/TUBOS,15,PIPE CONNECTIONS,RACCORDEMENTS DE TUYAUTERIE
15353,BUSHING,15,BUSHING,BAGUE
15354,TAPAS,15,LIDS,COUVERCLES
15355,TAPONES,15,PLUGS,PRISES
15356,UNIONES UNIVERSALES,15,UNIVERSAL UNIONS,UNIONS UNIVERSELLES
15357,CODOS,15,ELBOWS,COUDES
15358,NUDOS,15,KNOTS,NŒUDS
15359,TEES,15,TEES,T-SHIRTS
15360,TELAS Y PAPELES ABRASIVOS,15,ABRASIVE FABRICS AND PAPERS,TISSUS ET PAPIERS ABRASIFS
15361,PAPEL LIJA DE AGUA,15,WATERPROOF SANDPAPER,PAPIER DE VERRE IMPERMÉABLE
15362,PAPEL LIJA EN PLIEGOS,15,SANDPAPER SHEETS,FEUILLES DE PAPIER DE VERRE
15363,PAPEL LIJA EN ROLLOS,15,SANDPAPER ROLLS,ROULEAUX DE PAPIER DE VERRE
15364,TELA ESMERIL EN ROLLOS,15,Emery cloth in rolls,toile émeri en rouleaux
15365,DISCOS FLEXIBLES,15,FLOPPY DISKS,DISQUETTES
15366,LAMPARAS Y LUMINARIAS,15,LAMPS AND LIGHTING FIXTURES,LAMPES ET LUMINAIRES
15367,TUBOS FLUORESCENTES,15,FLUORESCENT TUBES,TUBES FLUORESCENTS
15368,BOMBILLOS,15,LIGHT BULBS,AMPOULES
15369,LAMPARAS,15,LAMPS,LAMPES
15370,MALLAS Y TELAS DE ALAMBRES,15,MESH AND WIRE FABRICS,TISSUS EN MAILLE ET EN FIL MÉTALLIQUE
15371,MALLA TEJIDA,15,WOVEN MESH,MAILLE TISSÉE
15372,TELAS DE ALAMBRES,15,WIRE MESH,GRILLE MÉTALLIQUE
15373,ANDAMIOS Y ESCALERAS METALICAS,15,SCAFFOLDING AND METAL LADDERS,ÉCHAFAUDAGES ET ÉCHELLES MÉTALLIQUES
15374,ANDAMIOS METALICOS,15,METAL SCAFFOLDING,ÉCHAFAUDAGES MÉTALLIQUES
15375,ESCALERAS DE ALUMINIO,15,ALUMINUM LADDERS,ÉCHELLES EN ALUMINIUM
15376,OTROS ACCESORIOS DE FERRETERIA,15,OTHER HARDWARE ACCESSORIES,AUTRES ACCESSOIRES MATÉRIELLES
15377,OTROS ELEMENTOS DE FERRETERIA,15,OTHER HARDWARE ITEMS,AUTRES ARTICLES DE QUINCAILLERIE
15378,MATERIALES Y ELEM.CONSTRUC.,15,MATERIALS AND CONSTRUCTION ELEMENTS,MATÉRIAUX ET ÉLÉMENTS DE CONSTRUCTION
15379,PRODUCTOS DE HORMIGON,15,CONCRETE PRODUCTS,PRODUITS EN BÉTON
15380,PRODUCTOS DE CANTERAS,15,QUARRY PRODUCTS,PRODUITS DE CARRIÈRE
15381,CEMENTOS,15,CEMENTS,CIMENTS
15382,CERAMICA,15,CERAMICS,CÉRAMIQUE
15383,ARCILLA,15,CLAY,ARGILE
15384,ASBESTO CEMENTO,15,ASBESTOS CEMENT,CIMENT D'AMIANTE
15385,POLIESPUMA,15,POLYFOAM,POLYFOAM
15386,BARRO,15,MUD,BOUE
15387,PRODUCTOS DE TERRAZO,15,TERRAZZO PRODUCTS,PRODUITS TERRAZZO
15388,MALLAS P/CERCAS,15,FENCE MESH,GRILLE DE CLÔTURE
15389,ARENA,15,SAND,SABLE
15390,ALAMBRES P/ CERCAS,15,FENCE WIRES,FILS DE CLÔTURE
15391,TEJAS,15,ROOF TILES,TUILES DE TOITURE
15392,CRISTALES,15,CRYSTALS,CRISTAUX
15393,FALSO TECHO,15,FALSE CEILING,FAUX PLAFOND
16100,CONFECCIONES P/CUARTO,16,CONFECTIONERY FOR ROOM,CONFISERIE POUR CHAMBRE
16101,ALMOHADAS,16,PILLOWS,OREILLERS
16102,CORTINAS,16,CURTAINS,RIDEAUX
16103,FRAZADAS Y MANTAS,16,BLANKETS AND TUMBLERS,COUVERTURES ET GOBELETS
16104,FUNDAS,16,CASES,CAS
16105,JUEGOS DE CAMA,16,BEDDING SETS,ENSEMBLES DE LITERIE
16106,MOSQUITEROS,16,MOSQUITO NETS,MOUSTIQUAIRES
16107,SABANAS,16,BED SHEETS,DRAPS DE LIT
16108,SOBRECAMAS,16,BEDSPREADS,COUVERTS DE LIT
16200,CONFECCIONES P/BA¥O,16,BABY CLOTHING,VÊTEMENTS POUR BÉBÉS
16201,JUEGOS DE BAÑOS,16,BATHROOM SETS,ENSEMBLES DE SALLE DE BAIN
16202,TOALLAS,16,TOWELS,SERVIETTES
16203,CORTINAS DE BAÑO,16,SHOWER CURTAINS,RIDEAUX DE DOUCHE
16204,ALFOMBRA P/BAÑO,16,BATHROOM MAT,TAPIS DE BAIN
16205,JUEGOS DE TOALLAS,16,TOWEL SETS,ENSEMBLES DE SERVIETTES
16206,TOALLAS PLAYERAS,16,BEACH TOWELS,SERVIETTES DE PLAGE
16300,MANTELERIA,16,TABLE LINEN,LINGE DE TABLE
16301,AGARRADERAS,16,HANDLES,POIGNÉES
16302,JUEGOS,16,GAMES,JEUX
16303,DELANTARES,16,APRONS,TABLIERS
16304,DOYLES,16,DOYLES,DOYLES
16305,SERVILLETAS,16,NAPKINS,SERVIETTES
16306,MANTELES,16,TABLECLOTHS,NAPPES
16307,PAÑOS DE COCINA,16,KITCHEN TOWELS,TORCHONS DE CUISINE
16308,JUEGOS DE COCINA,16,KITCHEN GAMES,JEUX DE CUISINE
16309,TAPETES,16,MATS,TATS
16400,ARTICULOS P/LLUVIA Y SOL,16,RAIN AND SUN ITEMS,ARTICLES POUR LA PLUIE ET ​​LE SOLEIL
16401,CAPAS DE AGUA,16,WATER LAYERS,COUCHES D'EAU
16402,CHUBASQUEROS,16,RAINCOATS,IMPERMÉABLES
16403,JUEGOS,16,GAMES,JEUX
16404,PARAGUAS,16,UMBRELLA,PARAPLUIE
16405,SOMBRILLAS,16,UMBRELLAS,PARAPLUIES
16406,SOMBRILLAS PLAYERAS,16,BEACH UMBRELLAS,PARASOLS DE PLAGE
17100,MUEBLES P/EL HOGAR,17,HOME FURNITURE,MEUBLES DE MAISON
17101,MUEBLES P/EL COMEDOR,17,DINING ROOM FURNITURE,MOBILIER DE SALLE À MANGER
17102,MUEBLES P/LA SALA,17,FURNITURE FOR THE LIVING ROOM,MEUBLES POUR LE SALON
17103,MUEBLES P/EL CUARTO,17,FURNITURE FOR THE ROOM,MEUBLES POUR LA CHAMBRE
17104,MUEBLES P/LA COCINA,17,KITCHEN FURNITURE,MEUBLES DE CUISINE
17105,MUEBLES P/BAÑO(NO SANIT.),17,BATHROOM FURNITURE (NOT SANITARY WARE),MEUBLES DE SALLE DE BAINS (PAS D'APPAREILS SANITAIRES)
17200,MUEBLES P/OFICINA,17,OFFICE FURNITURE,MOBILIER DE BUREAU
17201,BURO,17,BUREAU,BUREAU
17202,SILLA,17,CHAIR,CHAISE
17203,MESA,17,TABLE,TABLEAU
17204,JUEGOS DE MUEBLES,17,FURNITURE SETS,ENSEMBLES DE MEUBLES
17205,ARCHIVOS,17,FILES,FICHIERS
17206,EXPOSITOR,17,EXHIBITOR,EXPOSANT
17207,CESTOS,17,BASKETS,PANIERS
17300,MUEBLES P/GASTRONOMIA,17,FURNITURE FOR THE GASTRONOMY,MOBILIER POUR LA GASTRONOMIE
17301,VITRINAS,17,DISPLAY CASES,VITRINES
17302,MESAS,17,TABLES,TABLEAUX
17303,SILLAS,17,CHAIRS,CHAISES
17304,BANQUETAS,17,STOOLS,SELLES
17400,MUEBLES P/TIENDAS,17,FURNITURE FOR STORES,MOBILIER POUR MAGASINS
17401,COLGADORES,17,HANGERS,CINTRES
17402,MOSTRADORES,17,COUNTERS,COMPTEURS
17403,EXHIBIDORES,17,DISPLAYS,AFFICHAGES
17404,GONDOLA,17,GONDOLA,GONDOLE
17405,CHER OUT,17,CHER OUT,CHER SORTIE
17406,CESTOS,17,BASKETS,PANIERS
17407,HIPERCESTO,17,HYPERBASKET,HYPERPANIER
17408,CARRITOS,17,CARTS,CHARIOTS
17409,ESTANTES,17,SHELVES,ÉTAGÈRES
17500,MUEBLES INFANTILES,17,CHILDREN'S FURNITURE,MEUBLES POUR ENFANTS
17501,CUNAS,17,CRIBS,BERCEAU
17502,ESCAPARATES,17,SHOP WINDOWS,VITRINES DE MAGASIN
17503,ANDADORES,17,WALKERS,MARCHEURS
17504,CORRALES,17,CORRALS,CORRALS
17505,COCHES,17,CARS,VOITURES
17506,SILLITAS,17,CHAIRS,CHAISES
17600,MUEBLES EXTERIORES,17,OUTDOOR FURNITURE,MOBILIER DE JARDIN
17601,MUEBLES P/JARDIN,17,GARDEN FURNITURE,MOBILIER DE JARDIN
17602,MUEBLES P/TERRAZA,17,PATIO FURNITURE,MOBILIER DE JARDIN
17603,MUEBLES P/PORTAL,17,FURNITURE FOR PORTAL,MOBILIER POUR PORTAIL
17700,ELEMENTOS P/DIVISIONES,17,ELEMENTS FOR DIVISIONS,ÉLÉMENTS POUR LES DIVISIONS
17701,PUERTAS,17,DOORS,PORTES
17702,REJAS,17,GRILLES,GRILLES
17703,DIVISIONES,17,DIVISIONS,DIVISIONS
17800,COLCHONES,17,MATTRESSES,MATELAS
17801,COLCHONES CAMEROS,17,CAMERO MATTRESSES,MATELAS CAMERO
17802,COLCHONES 3/4 CAMEROS,17,3/4 QUEEN MATTRESSES,MATELAS 3/4 QUEEN
17803,COLCHONES PERSONALES,17,PERSONAL MATTRESSES,MATELAS PERSONNELS
17804,COLCHONES CANASTILLA,17,MATTRESSES BASKET,PANIER DE MATELAS
17805,COLCHONETAS,17,MATS,TATS
17806,BOX SPRING,17,BOX SPRING,SOMMIER
17807,BOX,17,BOX,BOÎTE
17808,HAMACAS,17,HAMMOCKS,HAMACS
18101,LAPICES,18,PENCILS,CRAYONS
18102,LIBRETAS,18,NOTEBOOKS,CARNETS DE NOTES
18103,GOMAS DE BORRAR,18,ERASERS,GOMMES
18104,SACAPUNTAS,18,PENCIL SHARPENER,TAILLE-CRAYON
18105,REGLAS,18,RULES,RÈGLES
18106,EST.LAPICES DE COLORES,18,EST.COLORED PENCILS,CRAYONS DE COULEUR EST.
18107,PLUMONES,18,FEATHERS,PLUMES
18108,CRAYOLAS,18,CRAYONS,CRAYONS
18109,ACUARELAS,18,WATERCOLORS,AQUARELLES
18110,CINTAS ADHESIVAS,18,ADHESIVE TAPES,RUBAN ADHÉSIF
18111,ESTUCHES,18,CASES,CAS
18112,GOMAS DE PEGAR,18,GLUING GUM,GOMME À COLLER
18113,TIJERAS,18,SCISSORS,CISEAUX
18114,AGENDAS,18,AGENDAS,ORDRES DU JOUR
18115,ALMOHADILLAS DE TINTAS,18,INK PADS,TAMPONS ENCRES
18116,BOLIGRAFOS,18,PENS,STYLOS
18117,BORRADORES,18,DRAFTS,BROUILLONS
18118,CARPETAS,18,FOLDERS,DOSSIERS
18119,CUADERNOS Y BLOCKS,18,NOTEBOOKS AND PADS,CARNETS ET BLOCS
18120,ENTINTADORES,18,INKING,ENCRE
18121,ETIQUETAS Y PEGATINAS,18,LABELS AND STICKERS,ÉTIQUETTES ET AUTOCOLLANTS
18122,FECHADORES,18,DATE STAMPERS,TIMBRE DATE
18123,FILES,18,FILES,FICHIERS
18124,FOLEADORAS,18,LEAF-FLOWERING,FLEURS À FEUILLES
18125,GUILLOTINAS,18,GUILLOTINES,GUILLOTINES
18126,LIQUIDOS CORRECTORES,18,CORRECTION SOLUTIONS,SOLUTIONS CORRECTIVES
18127,LIGAS,18,SUSPENDERS,BRETELLES
18128,MARCADORES Y RESALTADORES,18,MARKERS AND HIGHLIGHTERS,MARQUEURS ET SURLUNEURS
18129,MASKING TAPE,18,MASKING TAPE,RUBAN ADHÉSIF DE MASQUAGE
18130,ORGANIZADOR DE BURO,18,OFFICE ORGANIZER,ORGANISATEUR DE BUREAU
18131,PRESILLAS DE PRESILLADORAS,18,STAPLING MACHINE CLAMPS,PINCES POUR AGRAFEUSE
18132,PRESILLAS CLIPS,18,CLIPS,CLIPS
18133,PAPELERIA,18,STATIONERY,PAPETERIE
18134,PENTAFLEX,18,PENTAFLEX,PENTAFLEX
18135,PROTECTOR DE HOJAS,18,SHEET PROTECTOR,PROTECTEUR DE FEUILLE
18136,POST-IT,18,POST-IT,POST-IT
18137,PORTA TARJETAS,18,CARD HOLDER,PORTEUR DE CARTE
18138,PORTA BLOCK,18,BLOCK HOLDER,DÉTENTEUR DE BLOCS
18139,PORTAMINAS,18,MECHANICAL PENCIL,CRAYON MÉCANIQUE
18140,PONCHADORAS,18,PUNCHING MACHINES,MACHINES À PERFORATION
18141,PRESILLAS DE PRESION,18,PRESSURE CLAMPS,PINCES DE PRESSION
18142,PRESILLADORAS,18,STAPLING MACHINES,Agrafeuses
18143,PORTAPRESILLAS,18,CLIP HOLDER,PORTE-CLIPS
18145,RESPUESTOS DE BOLIGRAFOS,18,PEN REFILLS,RECHARGES POUR STYLOS
18146,SOBRES,18,ENVELOPES,ENVELOPPES
18147,SCOTH TAPE,18,SCOTH TAPE,RUBAN ADHÉSIF SCOTH
18148,TINTAS,18,INKS,ENCRES
18149,ANILLOS,18,RINGS,ANNEAUX
18150,TABLILLAS,18,BOARDS,CONSEILS
18151,PIZARRAS,18,BLACKBOARDS,TABLEAUX NOIRS
18152,CORTADORAS DE CUCHILLAS,18,BLADE CUTTERS,LAMES DE COUPE
18153,CUBIERTAS,18,COVERS,COUVERTURES
18154,DISPENSADORES,18,DISPENSERS,DISTRIBUTEURS
18155,SET DE ESCRITORIO,18,DESKTOP SET,ENSEMBLE DE BUREAU
18156,PROYECTORES,18,PROJECTORS,PROJECTEURS
18157,LUPAS,18,MAGNIFYING GLASSES,LOUPES
18158,MINAS,18,MINES,MINES
18159,SACA PRESILLAS,18,Staple Remover,Détacheur d'agrafes
18160,CINTAS Y TONELS,18,TAPES AND BARRELS,BANDES ET BARILS
18161,PRESILLAS DE PATAS,18,LEG CLAMPS,COLLIERS DE PIEDS
18162,ACESORIOS P/OFICINA,18,OFFICE ACCESSORIES,ACCESSOIRES DE BUREAU
18163,MAQUINAS DE OFICINA,18,OFFICE MACHINES,MACHINES DE BUREAU
18164,CAJA DE SEGURIDAD,18,SAFETY BOX,COFFRE-FORT
18165,PLANTILLAS,18,TEMPLATES,MODÈLES
18166,ABRECARTAS,18,LETTER OPENER,OUVRE-LETTRE
18200,LIBRERIA,18,BOOKSHOP,LIBRAIRIE
18201,LIBROS,18,BOOKS,LIVRES
18202,PERIODICOS,18,NEWSPAPERS,JOURNAUX
18203,REVISTAS,18,MAGAZINES,MAGAZINES
18204,MAPAS,18,MAPS,CARTES
18205,GUIAS TURISTICAS,18,TOURIST GUIDES,GUIDES TOURISTIQUES
18206,ALMANAQUES,18,ALMANACS,ALMANACHS
18207,TARJETAS POSTALES,18,POSTCARDS,CARTES POSTALES
18208,REPRODUCCIONES/OBRAS DE ARTE,18,REPRODUCTIONS/WORKS OF ART,REPRODUCTIONS/ŒUVRES D'ART
18209,AFICHES,18,POSTERS,AFFICHES
18300,ARTESANIA,18,CRAFT,ARTISANAT
18301,ARTESANIA Y SOUVENIR CUBANO,18,CUBAN HANDICRAFTS AND SOUVENIRS,ARTISANAT ET SOUVENIRS CUBAINS
18302,ARTESANIA Y SOUVENIR DE IMPORT,18,IMPORTED HANDICRAFTS AND SOUVENIRS,ARTISANAT ET SOUVENIRS IMPORTÉS
19100,ARTICULOS DE FIESTAS,19,PARTY SUPPLIES,FOURNITURES DE FÊTE
19101,PIÑATAS,19,PIÑATAS,PIÑATAS
19102,GLOBOS,19,BALLOONS,BALLONS
19103,SERPENTINAS Y CONFETIS,19,Streamers and Confetti,Serpentins et confettis
19104,PITOS,19,WHISTLES,SIFFLETS
19105,GORROS Y CARETAS,19,CAPS AND MASKS,CASQUETTES ET MASQUES
19106,CAJAS DE CUMPLEAÑOS,19,BIRTHDAY BOXES,BOÎTES D'ANNIVERSAIRE
19107,INVITACIONES,19,INVITATIONS,INVITATIONS
19108,VELAS DE CUMPLEAÑOS,19,BIRTHDAY CANDLES,BOUGIES D'ANNIVERSAIRE
19200,JUEGOS Y ENTRETENIMIENTOS,19,GAMES AND ENTERTAINMENT,JEUX ET DIVERTISSEMENTS
19201,JUEGO DE AJEDREZ,19,CHESS GAME,JEU D'ÉCHECS
19202,JUEGO DE PARCHIS,19,PARCHIS GAME,JEU PARCHIS
19203,JUEGO DE DAMAS,19,CHECKERS GAME,JEU DE DAME
19204,JUEGOS DE CARTAS,19,CARD GAMES,JEUX DE CARTES
19205,JUEGOS DE DOMINO,19,DOMINO GAMES,JEUX DE DOMINOS
19300,JUEGOS DIDACTICOS,19,EDUCATIONAL GAMES,JEUX ÉDUCATIFS
19301,ARMABLES,19,ASSEMBLY,ASSEMBLÉE
19302,JUEGOS DE OFICIOS,19,ROLE GAMES,JEUX DE RÔLE
19303,ROMPECABEZAS,19,PUZZLE,PUZZLE
19400,JUGUETES VARIOS ARMABLES,19,VARIOUS BUILDABLE TOYS,JOUETS À CONSTRUIRE DIVERS
19401,JUEGOS DE CONSTRUCCION,19,BUILDING GAMES,JEUX DE CONSTRUCTION
19402,JUEGOS DE ROMPECABEZAS,19,PUZZLE GAMES,JEUX DE PUZZLE
19500,JUGUETES VARIOS,19,VARIOUS TOYS,JOUETS DIVERS
19501,MUÑECAS Y MUÑECOS,19,DOLLS AND PUPPETS,POUPÉES ET MARIONNETTES
19502,JUGUETES VARIOS,19,VARIOUS TOYS,JOUETS DIVERS
19503,FRICCION,19,FRICTION,FRICTION
19504,CUERDA,19,ROPE,CORDE
19505,MECANICOS,19,MECHANICS,MÉCANIQUE
19506,ELECTRICOS,19,ELECTRIC,ÉLECTRIQUE
19507,MANUALES,19,MANUALS,MANUELS
19508,ACCESORISO,19,ACCESSORY,ACCESSOIRE
19509,CONTROL REMOTO,19,REMOTE CONTROL,TÉLÉCOMMANDE
19600,JUGUETES DURADEROS,19,DURABLE TOYS,JOUETS DURABLES
19601,BICICLETA 18 Y MAS,19,BICYCLE 18 AND OVER,VÉLO 18 ANS ET PLUS
19602,VELOCIPIDOS,19,VELOCIPIDS,VÉLOCIPIDES
19603,TRICICLOS,19,TRICYCLES,TRICYCLES
19604,CARRIOLAS,19,STROLLERS,POUSSETTES
19605,AUTOS,19,CARS,VOITURES
19700,JUGUETES MUSICALES,19,MUSICAL TOYS,JOUETS MUSICAUX
19701,PEDAL,19,PEDAL,PÉDALE
19702,CUERDA,19,ROPE,CORDE
19703,AIRE,19,AIR,AIR
19704,FUELLE,19,BELLOWS,SOUFFLET
19705,PERCUSION,19,PERCUSSION,PERCUSSION
19800,JUG. DE PELUCHE,19,PLUSH TOY,PELUCHE
19801,JUG.DE PELUCHE,19,PLUSH TOY,PELUCHE
20100,CAMARAS FOTOGRAFICA,20,PHOTOGRAPHIC CAMERAS,APPAREILS PHOTOGRAPHIQUES
20101,CAMARAS FOTOGRAFICAS,20,PHOTOGRAPHIC CAMERAS,APPAREILS PHOTOGRAPHIQUES
20200,ACCESOR.CAMARA FOTOG,20,CAMERA ACCESSORY,ACCESSOIRE POUR APPAREIL PHOTO
20201,LENTES,20,GLASSES,LUNETTES
20202,TRIPODE,20,TRIPOD,TRÉPIED
20203,FILTROS,20,FILTERS,FILTRES
20204,FLASH,20,FLASH,ÉCLAIR
20205,ESTUCHES,20,CASES,CAS
20206,ALBUM,20,ALBUM,ALBUM
20207,PORTARETRATO,20,PICTURE FRAME,CADRE PHOTO
20300,CAMARAS DE VIDEO,20,VIDEO CAMERAS,CAMÉRAS VIDÉO
20301,CAMARAS P/VIDEOS,20,VIDEO CAMERAS,CAMÉRAS VIDÉO
20400,ACCESOR.CAMARA VIDEO,20,ACCESSORY.VIDEO CAMERA,ACCESSOIRE.CAMÉRA VIDÉO
20401,LENTES,20,GLASSES,LUNETTES
20402,TRIPODE,20,TRIPOD,TRÉPIED
20403,FILTROS,20,FILTERS,FILTRES
20404,FLASH,20,FLASH,ÉCLAIR
20405,ESTUCHES,20,CASES,CAS
20500,PARTES Y PIEZAS,20,PARTS AND PIECES,PIÈCES ET MORCEAUX
20501,PARTES Y PZAS P/EQUIPOS FOTOG.,20,PARTS AND PIECES FOR PHOTOGRAPHIC EQUIPMENT,PIÈCES ET ACCESSOIRES POUR MATÉRIEL PHOTOGRAPHIQUE
20502,PARTES Y PZAS.CAM.FOTOGRAF.,20,PARTS AND PIECES.CAM.PHOTOGRAPH.,PIÈCES ET MORCEAUX.CAM.PHOTOGRAPHIE.
20503,PARTES Y PZAS P/CAMARAS D/VIDE,20,PARTS AND PIECES FOR VIDEO CAMERAS,PIÈCES ET ACCESSOIRES POUR CAMÉRAS VIDÉO
20600,ROLLOS FOTOGRAFICOS,20,PHOTOGRAPHIC ROLLS,ROULEAUX PHOTOGRAPHIQUES
20601,ROLLOS FOTOGRAF.A COLOR,20,COLOR PHOTOGRAPHIC ROLLS,ROULEAUX PHOTOGRAPHIQUES COULEUR
20602,ROLLOS FOTOG.BLANCO Y NEGRO,20,BLACK AND WHITE PHOTOGRAPHIC ROLLS,ROULEAUX PHOTOGRAPHIQUES NOIR ET BLANC
20603,PELICULAS POLAROID,20,POLAROID FILMS,FILMS POLAROID
20700,PAPEL P/IMPRESION,20,PRINTING PAPER,PAPIER D'IMPRESSION
20701,PAPEL P/IMPRESION A COLOR,20,PAPER FOR COLOR PRINTING,PAPIER POUR IMPRESSION COULEUR
20702,PAPEL P/IMPRES.BLANCO Y NEGRO,20,BLACK AND WHITE PRINTING PAPER,PAPIER D'IMPRESSION NOIR ET BLANC
20800,QUIMICA NEGATIVOS,20,NEGATIVE CHEMISTRY,CHIMIE NÉGATIVE
20801,QUIMICA NEGATIVOS A COLOR,20,CHEMISTRY COLOR NEGATIVES,NÉGATIFS COULEUR EN CHIMIE
20802,QUIMICA NEGAT.BLANCO Y NEGRO,20,CHEMISTRY NEGATIVE BLACK AND WHITE,Chimie négative noir et blanc
20900,QUIMICA P/PAPEL,20,PAPER CHEMISTRY,CHIMIE SUR PAPIER
20901,QUIMICA P/PAPEL A COLOR,20,CHEMISTRY FOR COLOR PAPER,CHIMIE DU PAPIER COULEUR
20902,QUIMICA P/PAPEL BLANCO Y NEGRO,20,CHEMISTRY FOR BLACK AND WHITE PAPER,CHIMIE DU PAPIER NOIR ET BLANC
20903,QUIMICA DIAPOSITIVAS,20,CHEMISTRY SLIDES,LAMES DE CHIMIE
20904,QUIMICA DIAPOSITIVAS,20,CHEMISTRY SLIDES,LAMES DE CHIMIE
20905,MAQUINAS,20,MACHINES,MACHINES
20906,MAQ.P/REVELADOS E IMPRES.FOTOS,20,MAKING FOR DEVELOPMENTS AND PRINTING PHOTOS,PRÉPARATION POUR LE DÉVELOPPEMENT ET L'IMPRESSION DES PHOTOS
21100,NUMISMATICA,21,NUMISMATICS,NUMISMATIQUE
21101,MONEDAS DE ORO,21,GOLD COINS,PIÈCES D'OR
21102,MONEDAS DE PLATA,21,SILVER,ARGENT
21103,MONEDAS DE OTROS METALES,21,COINS OF OTHER METALS,PIÈCES DE MONNAIE EN AUTRES MÉTAUX
21104,ESTUCHE P/MONEDAS,21,COIN CASE,ÉTUI À PIÈCES
21105,BILLETES,21,TICKETS,BILLETS
21106,ESTUCHE CON COLECCIONES,21,CASE WITH COLLECTIONS,AFFAIRE AVEC COLLECTIONS
21200,FILATELIA Y VITOFILIA,21,PHILATELY AND VITOPHILIA,PHILATIE ET ​​VITOPHILIE
21201,SELLOS DE CORREOS,21,POSTAGE STAMPS,TIMBRES-POSTE
21202,SELLOS DE VITOLAS,21,VITOLA SEALS,SCEAU DE VITOLA
21203,CATALOGO,21,CATALOG,CATALOGUE
21204,ACCESORIOS P/COLECCIONISTAS,21,ACCESSORIES FOR COLLECTORS,ACCESSOIRES POUR COLLECTIONNEURS
22100,IMPLEM. Y ACC. PLAYA Y BAÑO,22,BEACH AND BATHROOM IMPLEMENTS AND ACCESSORIES,ARTICLES ET ACCESSOIRES DE PLAGE ET DE SALLE DE BAIN
22101,PELOTAS,22,BALLS,BALLES
22102,BALSAS,22,RAFTS,RAFTS
22103,SALVAVIDAS,22,LIFE JACKET,GILET DE SAUVETAGE
22104,FLOTADORES,22,FLOATS,FLOTTEURS
22105,PATAS DE RANA,22,FROG LEGS,CUISSES DE GRENOUILLES
22106,SNOKER,22,SNOKER,SNOKER
22107,ESPEJUELOS DE NATACION,22,SWIMMING GOGGLES,LUNETTES DE NATATION
22108,CARETAS,22,FACE MASKS,MASQUES DE PROTECTION
22109,BOTES INFLABLES,22,INFLATABLE BOATS,BATEAUX GONFLABLES
22110,INFLADOR P/BALSAS Y PELOTAS,22,INFLATOR FOR RAFTS AND BALLS,GONFLEUR POUR RAFTS ET BALLONS
22200,IMPLEMENTOS DEPORTIVOS,22,SPORTS EQUIPMENT,ÉQUIPEMENT SPORTIF
22201,GUANTES DE BEISBOLL,22,BASEBALL GLOVES,GANTS DE BASEBALL
22202,MALLA P/VOLEIBOLL,22,VOLLEYBALL NET,FILET DE VOLLEY-BALL
22300,IMPLEM. Y ACCESORIOS DE PESCA,22,FISHING IMPLEMENTS AND ACCESSORIES,ARTICLES ET ACCESSOIRES DE PÊCHE
22301,ANZUELOS,22,HOOKS,CROCHETS
22302,CAJA DE PESCA,22,FISHING BOX,BOÎTE DE PÊCHE
22303,SEÑUELOS,22,LURES,LEURRES
22304,VARA DE PESCA,22,FISHING ROD,CANNE À PÊCHE
22305,CARRETES,22,REELS,MOULINETS
22306,HILOS DE PESCA,22,FISHING LINES,LIGNES DE PÊCHE
22307,PLOMADAS,22,PLUMB LINES,LIGNES D'ALUMINIUM
23001,GOLOSINAS,23,CANDIES,BONBONS
23002,CHICLETS,23,CHEWING GUM,CHEWING-GUM
23003,CARAMELOS,23,CANDIES,BONBONS
23004,CHOCOLATES,23,CHOCOLATES,CHOCOLATS
23005,MIELES,23,HONEYS,MIELS
23006,SIROPES,23,SYRUPS,SIROP
23007,POSTRES,23,DESSERTS,DESSERTS
23008,GALLETAS,23,COOKIES,COOKIES
23009,SORBETOS,23,STRAWS,PAILLES
23010,PAN,23,BREAD,PAIN
23011,REPOSTERIA,23,CONFECTIONERY,CONFISERIE
23012,TURRONES,23,NOUGAT,NOUGAT
23013,CONSERVAS CARNICAS,23,CANNED MEAT,VIANDE EN CONSERVE
23014,CONSERVAS DE CERDO,23,PORK PRESERVES,CONSERVES DE PORC
23015,CONSERVAS DE RES,23,BEEF PRESERVES,CONSERVES DE BŒUF
23016,CONSERVAS DE AVES,23,CANNED POULTRY,VOLAILLE EN CONSERVE
23017,CONSERVAS BOVINAS,23,BEEF PRESERVES,CONSERVES DE BŒUF
23018,CONSERVAS DEL MAR,23,SEAFOOD PRESERVES,CONSERVES DE FRUITS DE MER
23019,SARDINAS,23,SARDINES,SARDINES
23020,ATUN,23,TUNA,THON
23021,CALAMARES,23,CALAMARI,CALAMARS
23022,PULPOS,23,OCTOPUSES,POULPEAUX
23023,ALMEJAS,23,CLAMS,PALOURDES
23024,MEJILLONES,23,MUSSELS,MOULES
23025,ANCHOA,23,ANCHOVY,ANCHOIS
23026,BERBERECHOS,23,COCKLES,COQUES
23027,SALMON,23,SALMON,SAUMON
23028,LANGOSTA,23,LOBSTER,HOMARD
23029,PESCADO,23,FISH,POISSON
23030,CONSERVAS DE FRUTAS,23,FRUIT PRESERVES,CONSERVES DE FRUITS
23031,ENTERAS,23,WHOLE,ENTIER
23032,TROZOS,23,PIECES,PIÈCES
23033,MITADES,23,HALVES,MOITIÉS
23034,CASCOS O RAYADOS,23,HELMETS OR STRIPED,CASQUES OU RAYÉS
23035,COCTAIL,23,COCKTAIL,COCKTAIL
23036,JALEAS,23,JELLIES,GELÉES
23037,MERMELADAS,23,JAMS,JAMS
23038,COMPOTAS,23,COMPOTES,COMPOSÉS
23039,CREMAS,23,CREAMS,CRÈMES
23040,BARRA,23,BAR,BAR
23041,TURRONES,23,NOUGAT,NOUGAT
23042,GRANOS EN CONSERVAS,23,CANNED GRAINS,CÉRÉALES EN CONSERVE
23043,GARBANZOS,23,CHICKPEAS,POIS CHICHES
23044,JUDIAS Y ALIVIAS,23,BEANS AND SOOTHIES,HARICOTS ET SOUFFRANCES
23045,FRIJOLES,23,BEANS,HARICOTS
23046,LENTEJAS,23,LENTILS,LENTILLES
23047,EMBUTIDOS,23,SAUSAGES,SAUCISSES
23048,EMBUTIDOS DE CERDO,23,PORK SAUSAGES,SAUCISSES DE PORC
23049,EMBUTIDOS DE RES,23,BEEF SAUSAGES,SAUCISSES DE BŒUF
23050,EMBUTIDOS DE AVES,23,POULTRY SAUSAGES,SAUCISSES DE VOLAILLE
23051,PERROS CALIENTES,23,HOT DOGS,HOT-DOGS
23052,CHORIZOS,23,SAUSAGES,SAUCISSES
23053,SALCHICHAS,23,SAUSAGES,SAUCISSES
23054,PASTAS ALIMENTICIAS,23,PASTA,PÂTES
23055,FIDEOS,23,NOODLES,NOUILLES
23056,PASTINAS,23,PASTA,PÂTES
23057,MACARRONES,23,MACARONI,MACARONI
23058,SPAGUETTIS,23,SPAGHETTI,SPAGHETTI
23059,LAGSAÑAS,23,LAGSANAS,LAGSANAS
23060,RABIOLIS,23,RABBIOLIS,RABBIOLIS
23061,CODITOS,23,ELBOW CUTS,COUPURES DE COUDE
23062,CANELONES,23,CANNELLONI,CANNELLONI
23063,CONCHAS,23,SHELLS,COQUILLAGES
23064,TALLARINES,23,NOODLES,NOUILLES
23065,ACEITES Y GRASAS,23,OILS AND FATS,HUILES ET GRAISSES
23066,ACEITES,23,OILS,HUILES
23067,MANTECAS VEGETAL,23,VEGETABLE SHORTENINGS,MATIÈRES GRASSES VÉGÉTALES
23068,MANTECA ANIMAL,23,ANIMAL FAT,GRAISSE ANIMALE
23069,MARGARINA,23,MARGARINE,MARGARINE
23070,CONDIMENTOS,23,CONDIMENTS,CONDIMENTS
23071,POLVO,23,DUST,POUSSIÈRE
23072,GRANO,23,GRAIN,GRAIN
23073,HOJA,23,SHEET,FEUILLE
23074,RAMA,23,BRANCH,BIFURQUER
23075,SAZONADORES,23,SEASONINGS,ASSAISONNEMENTS
23076,MOJOS,23,MOJOS,MOJOS
23077,SOFRITO,23,SOFRITO,SOFRITE
23078,SALADITOS Y PLANTER,23,SAVORY SNACKS AND PLANTER,COLLATIONS SALÉES ET PLANTERIE
23079,SEMILLAS,23,SEEDS,GRAINES
23080,PALITOS,23,STICKS,BÂTONNETS
23081,SNACK,23,SNACK,COLLATION
23082,ACEITUNAS EN CONSERVAS,23,CANNED OLIVES,OLIVES EN CONSERVE
23083,CON HUESO,23,WITH BONE,AVEC OS
23084,SIN HUESO,23,BONELESS,DÉSOSSÉ
23085,RELLENAS,23,STUFFED,FARCI
23086,SOPAS Y CREMAS,23,SOUPS AND CREAMS,SOUPES ET CRÈMES
23087,SOPAS,23,SOUPS,SOUPES
23088,CREMAS,23,CREAMS,CRÈMES
23089,CALDOS,23,BROTHS,FRÈRES
23090,VINO SECO Y VINAGRE,23,DRY WINE AND VINEGAR,VIN SEC ET VINAIGRE
23091,VINAGRE,23,VINEGAR,VINAIGRE
23092,VINO SECO,23,DRY WINE,VIN SEC
23093,SALSAS,23,SAUCES,SAUCES
23094,MAYONESA,23,MAYONNAISE,MAYONNAISE
23095,KETCHUP,23,KETCHUP,KETCHUP
23096,MOSTAZA,23,MUSTARD,MOUTARDE
23097,PURE DE TOMATE,23,TOMATO PUREE,PURÉE DE TOMATES
23098,SALSAS,23,SAUCES,SAUCES
23099,PASTAS,23,PASTA,PÂTES
23100,CONSERVAS VEGETALES,23,PRESERVED VEGETABLES,LÉGUMES EN CONSERVE
23101,ESPARRAGOS,23,ASPARAGUS,ASPERGE
23102,HABICHUELAS,23,BEANS,HARICOTS
23103,MENESTRAS DE VERDURAS,23,VEGETABLE STEW,Ragoût de légumes
23104,TOMATES,23,TOMATOES,TOMATES
23105,PIMIENTO,23,PEPPER,POIVRE
23106,CEBOLLITAS,23,SMALL ONIONS,PETITS OIGNONS
23107,COL,23,CABBAGE,CHOU
23108,ZANAHORIA,23,CARROT,CAROTTE
23109,PEPINO,23,CUCUMBER,CONCOMBRE
23110,CHAMPIGÑON,23,MUSHROOM,CHAMPIGNON
23111,ALCAPARRAS,23,CAPERS,CÂPRES
23112,REMOLACHA,23,BEET,BETTERAVE
23113,MAIZ,23,CORN,MAÏS
23114,AJI,23,CHILI,PIMENT
23115,PRODUCTOS CARNICOS FRESCOS,23,FRESH MEAT PRODUCTS,PRODUITS DE VIANDE FRAÎCHE
23116,CARNE DE RES,23,BEEF,BŒUF
23117,CARNE DE CERDO,23,PORK,PORC
23118,CARNE DE AVE,23,POULTRY MEAT,VIANDE DE VOLAILLE
23119,CARNE BOVINA,23,BEEF,BŒUF
23120,PRODUCTOS DEL MAR FRESCOS,23,FRESH SEAFOOD,FRUITS DE MER FRAIS
23121,PESCADO,23,FISH,POISSON
23122,CALAMARES,23,CALAMARI,CALAMARS
23123,OSTIONES,23,OYSTERS,HUÎTRES
23124,CAMARONES,23,SHRIMP,CREVETTE
23125,LANGOSTAS,23,LOBSTERS,HOMARDS
23126,BACALAO,23,COD,MORUE
23127,EMBUTIDOS FRESCOS,23,FRESH SAUSAGES,SAUCISSES FRAÎCHES
23128,JAMON,23,HAM,JAMBON
23129,MORTADELLA,23,MORTADELLA,MORTADELLA
23130,SALAMI,23,SALAMI,SALAMI
23131,JAMONADA,23,HAM,JAMBON
23132,CHORIZO,23,SAUSAGE,SAUCISSE
23133,TOCINO,23,BACON,LARD
23134,BACON,23,BACON,LARD
23135,HUEVOS,23,EGGS,ŒUFS
23136,HUEVOS FRESCOS,23,FRESH EGGS,ŒUFS FRAIS
23137,HUEVOS DESHIGRATADOS,23,DEHYGRATED EGGS,ŒUFS DÉSHYDRATÉS
23138,FRUTAS FRESCAS,23,FRESH FRUIT,FRUITS FRAIS
23139,MANDARINA,23,TANGERINE,TANGERINE
23140,TORONJAS,23,GRAPEFRUITS,PAMPLEMOUSSES
23141,NARANJA,23,ORANGE,ORANGE
23142,LIMON,23,LEMON,CITRON
23143,LIMAS,23,LIMES,CITRONS
23144,NARANJA AGRIA,23,BITTER ORANGE,ORANGE AMÈRE
23145,FRUTA BOMBA,23,PEPPER FRUIT,FRUIT AU POIVRE
23146,PIÑAS,23,PINEAPPLES,ANANAS
23147,MANZANAS,23,APPLES,POMMES
23148,VEGETALES FRESCOS,23,FRESH VEGETABLES,LÉGUMES FRAIS
23149,JENJIBRE,23,GINGER,GINGEMBRE
23150,PIMIENTOS,23,PEPPERS,POIVRONS
23151,CALABAZA,23,PUMPKIN,CITROUILLE
23152,TOMATE,23,TOMATO,TOMATE
23153,PEREJIL,23,PARSLEY,PERSIL
23154,FRIJOLES CHINOS,23,Chinese beans,haricots chinois
23155,CEBOLLINO,23,CHIVE,CIBOULETTE
23156,CEBOLLA,23,ONION,OIGNON
23157,ACELGAS,23,Swiss chard,Bette à carde
23158,APIO,23,CELERY,CÉLERI
23159,AJO,23,GARLIC,AIL
23160,BONIATO,23,SWEET POTATO,PATATE DOUCE
23161,MALANGA,23,MALANGA,MALANGA
23162,PLATANO,23,BANANA,BANANE
23163,YUCA,23,YUCCA,YUCCA
23164,PAPA,23,DAD,PAPA
23165,HIERBAS,23,HERBS,HERBES
23166,PRODUCTOS LACTEOS Y DERIVADOS,23,DAIRY PRODUCTS AND DERIVATIVES,PRODUITS LAITIERS ET DÉRIVÉS
23167,LECHE EN POLVO,23,POWDERED MILK,LAIT EN POUDRE
23168,LECHE CONDENSADA,23,CONDENSED MILK,LAIT CONDENSÉ
23169,LECHE EVAPORADA,23,EVAPORATED MILK,LAIT CONCENTRÉ
23170,LECHE FLUIDA,23,FLUID MILK,LAIT FLUIDE
23171,MANTEQUILLA,23,BUTTER,BEURRE
23172,YOGOURT,23,YOGURT,YAOURT
23173,QUESOS,23,CHEESES,FROMAGES
23174,HELADOS,23,ICE CREAM,GLACE
23175,POLVO P/BATIDOS Y FROZEEN,23,POWDER FOR SMOOTHIES AND FROZEN,POUDRE POUR SMOOTHIES ET GLAÇONS
23176,GRANOS PRODUCTOS SECOS,23,GRAINS AND DRIED GOODS,CÉRÉALES ET PRODUITS SÉCHÉS
23177,GARBANZOS,23,CHICKPEAS,POIS CHICHES
23178,LENTEJAS,23,LENTILS,LENTILLES
23179,MAIZ,23,CORN,MAÏS
23180,FRIJOLES,23,BEANS,HARICOTS
23181,CHICHAROS,23,PEAS,PETITS POIS
23182,ALUBIA,23,BEAN,HARICOT
23183,JUDIA,23,BEAN,HARICOT
23184,CEREALES PRODUCTOS SECOS,23,CEREALS DRY GOODS,CÉRÉALES PRODUITS SECS
23185,ARROZ,23,RICE,RIZ
23186,MAICENA,23,CORNSTARCH,MAÏZENA
23187,GOFIO,23,GOFIO,GOFIO
23188,TRIGO,23,WHEAT,BLÉ
23189,SALVADO,23,BRAN,BRA
23190,SEMOLA,23,SEMOLINA,SEMOULE
23191,HOJUELAS,23,FLAKES,FLOCONS
23192,AVENAS,23,OATS,AVOINE
23193,HARINAS,23,FLOURS,FARINES
23194,FRUTOS SECOS,23,DRIED FRUITS,FRUITS SECS
23195,MANI,23,PEANUT,ARACHIDE
23196,ALMENDRAS,23,ALMONDS,AMANDES
23197,SAL,23,SALT,SEL
23198,SAL,23,SALT,SEL
23199,HARINAS,23,FLOURS,FARINES
23200,MEZCLA HARINA P/PIZZA,23,PIZZA FLOUR MIX,MÉLANGE DE FARINE À PIZZA
23201,HARINA DE TRIGO,23,WHEAT FLOUR,FARINE DE BLÉ
23202,POLVO P/HORNEAR Y LEVADURA,23,BAKING POWDER AND YEAST,LEVURE À PÂTE ET LEVURE
23203,POLVO P/HORNEAR,23,BAKING POWDER,LEVURE CHIMIQUE
23204,LEVADURAS,23,YEASTS,LEVURES
23205,AZUCARES Y EDULCORANTES,23,SUGARS AND SWEETENERS,SUCRES ET ÉDULCORANTS
23206,AZUCAR,23,SUGAR,SUCRE
23207,EDULCORANTE,23,SWEETENER,ÉDULCORANT
24100,BEBIDAS ALCOHOLICAS,24,ALCOHOLIC BEVERAGES,BOISSONS ALCOOLISÉES
24101,APERITIVOS,24,APPETIZERS,ENTRÉES
24102,ARMAGNACS,24,Armagnacs,Armagnacs
24103,BRANDIES,24,BRANDS,MARQUES
24104,COCTELES,24,COCKTAILS,COCKTAILS
24105,CERVEZAS,24,BEERS,BIÈRES
24106,CHAMPAGNES,24,CHAMPAGNES,CHAMPAGNES
24107,COGÑAC,24,COGNAC,COGNAC
24108,GINEBRAS,24,GINS,GINS
24109,JEREZ,24,SHERRY,SHERRY
24110,LIGANTES,24,BINDERS,CLASSEURS
24111,LICORES,24,LIQUORS,LIQUIDES
24112,OPORTOS,24,OPORTOS,PORTOS
24113,SIDRAS,24,CIDERS,CIDRES
24114,WHISKY,24,WHISKEY,WHISKY
24115,VERMOUTH,24,VERMOUTH,VERMOUTH
24116,VINOS Y CAVAS,24,WINES AND SPARKS,VINS ET MOUSSEUX
24117,VODKA,24,VODKA,VODKA
24118,TEQUILA,24,TEQUILA,TEQUILA
24119,RONES,24,RUMS,RHUMS
24120,AGUARDIENTES,24,SPIRITS,ESPRITS
24121,CREMAS Y CORDIALES,24,CREAMS AND CORDIALS,CRÈMES ET CORDIAUX
24122,ESTUCHES BEBIDAS,24,DRINK CASES,BOÎTES DE BOISSONS
24200,BEBIDAS NO ALCOHOLICAS,24,NON-ALCOHOLIC BEVERAGES,BOISSONS SANS ALCOOL
24201,AGUAS,24,WATERS,EAUX
24202,JUGOS Y NECTARES,24,JUICES AND NECTARS,JUS ET NECTARS
24203,MALTAS,24,MALTA,MALTE
24204,REFRESCOS,24,SOFT DRINKS,BOISSONS SANS ALCOOL
24205,SODAS,24,SODAS,SODAS
24206,HORCHATAS,24,HORCHATAS,HORCHATAS
24300,INFUSIONES,24,INFUSIONS,INFUSIONS
24301,CAFE,24,COFFEE,CAFÉ
24302,TE,24,TEA,THÉ
25100,TABACOS CUBANOS GRUPO 1,25,CUBAN TOBACCOS GROUP 1,TABACS CUBAINS GROUPE 1
25101,PARTAGAS,25,PARTAGAS,PARTAGAS
25102,PUNCH,25,PUNCH,PUNCH
25103,ROMEO Y JULIETA,25,ROMEO AND JULIET,ROMÉO ET JULIETTE
25104,H. UPMAN,25,H. UPMAN,H. UPMAN
25105,HOYO DE MONTERREY,25,HOYO DE MONTERREY,HOYO DE MONTERREY
25106,BOLIVAR,25,BOLIVAR,BOLIVAR
25107,POR LARRAÑAGA,25,BY LARRÑAGA,PAR LARRÑAGA
25108,RAMON ALLONES,25,RAMON ALLONES,RAMON ALLONES
25109,REY DEL MUNDO,25,KING OF THE WORLD,ROI DU MONDE
25200,TABACOS CUBANOS GRUPO 2,25,CUBAN TOBACCOS GROUP 2,TABACS CUBAINS GROUPE 2
25201,MONTECRISTO,25,MONTECRISTO,MONTÉCRISTO
25202,SAN LUIS REY,25,SAINT LOUIS THE KING,SAINT LOUIS LE ROI
25203,CIFUENTES,25,CIFUENTES,CIFUENTES
25204,COHIBA,25,COHIBA,COHIBA
25205,DAVIDOFF,25,DAVIDOFF,DAVIDOFF
25206,DIPLOMATICOS,25,DIPLOMATS,DIPLOMATS
25207,FLOR DE CANO,25,CANO FLOWER,FLEUR DE CANO
25208,FONSECA,25,FONSECA,FONSECA
25209,GLORIA CUBANA,25,CUBAN GLORY,GLOIRE CUBAINE
25300,TABACOS CUBANOS GRUPO 3,25,CUBAN TOBACCOS GROUP 3,TABACS CUBAINS GROUPE 3
25301,GISPERT,25,GISPERT,GISPERT
25302,JUAN LOPEZ,25,JUAN LOPEZ,JUAN LOPEZ
25303,LA EXCEPCION,25,THE EXCEPTION,L'EXCEPTION
25304,LOS STATOS,25,THE STATES,LES ÉTATS
25305,QUINTERO,25,QUINTERO,QUINTERO
25306,SANCHO PANZA,25,SANCHO PANZA,SANCHO PANZA
25307,RAFAEL GONZALEZ,25,RAFAEL GONZALEZ,RAFAEL GONZALEZ
25308,DUNHILL,25,DUNHILL,DUNHILL
25309,BELINDA,25,BELINDA,BELINDA
25310,CABAÑAS,25,CABINS,CABINES
25311,CANEY,25,CANEY,CANEY
25312,JOSE L.PIEDRA,25,JOSE L.PIEDRA,JOSÉ L. PIEDRA
25313,LA CORONA,25,THE CROWN,LA COURONNE
25314,TROYA,25,TROY,TROIE
25315,MINICIGARRILLOS,25,MINI CIGARETTES,MINI CIGARETTES
25316,ESTUCHES TABACO,25,TOBACCO CASES,ÉTUIS À TABAC
25317,BAUZA,25,BAUZA,BAUZA
25318,MARIA GUERRERO,25,MARIA GUERRERO,MARIA GUERRERO
25319,QUAI D`OSAY,25,QUAI D`OSAY,QUAI D'OSAY
25320,SIBONEY,25,SIBONEY,SIBONEY
25321,VEGUEROS,25,VEGUEROS,VÉGUEROS
25322,DANEMAM,25,DANEMAM,DANEMAM
25323,PERFECTOS,25,PERFECT,PARFAIT
25400,CIGARROS,25,CIGARS,CIGARES
25401,CIGARROS CUBANOS,25,CUBAN CIGARS,CIGARES CUBINS
25402,CIGARROS CANADIENSES,25,CANADIAN CIGARS,CIGARES CANADIENS
25403,CIGARROS BRASILEÑOS,25,BRAZILIAN CIGARS,CIGARES BRÉSILIENS
25404,CIGARROS AMERICANOS,25,AMERICAN CIGARS,CIGARES AMÉRICAINS
25405,CIGARROS FRANCESES,25,FRENCH CIGARS,CIGARES FRANÇAIS
25406,CIGARROS ITALIANOS,25,ITALIAN CIGARS,CIGARES ITALIENS
25500,PICADURAS,25,STINGS,PIQÛRES
25501,PICADURA EN PAQUETES,25,PACKAGED SNACKS,COLLATIONS EMBALLÉES
25502,PICADURAS EN POTES,25,BITCHES IN POTS,DES CHIENNES DANS DES POTS
26100,ARTICULOS DESECHABLES,26,DISPOSABLE ITEMS,ARTICLES JETABLES
26101,PLATOS,26,DISHES,PLATS
26102,VASOS,26,GLASSES,LUNETTES
26103,PORTA VASOS,26,CUP HOLDER,PORTE-GOBELET
26104,CUCHARAS,26,SPOONS,CUILLÈRES
26105,TENEDORES,26,FORKS,FOURCHES
26106,CUCHILLOS,26,KNIVES,COUTEAUX
26107,MANTELES,26,TABLECLOTHS,NAPPES
26108,SOBRE DE NYLON,26,NYLON ENVELOPE,ENVELOPPE EN NYLON
26109,ABSORVENTES,26,ABSORBENTS,ABSORBANTS
26110,PALILLOS,26,CHOPSTICKS,BAGUETTES
26111,JUEGOS,26,GAMES,JEUX
26200,INSUMOS P/RED MINO.Y ALMAC.,26,SUPPLIES FOR MINING NETWORK AND WAREHOUSE,FOURNITURES POUR LE RÉSEAU MINIER ET L'ENTREPÔT
26201,BOLSAS PLASTICAS,26,PLASTIC BAGS,SACS EN PLASTIQUE
26202,PRECINTAS,26,SEALS,SCELLÉS
26203,CAJAS,26,BOXES,BOÎTES
26204,ETIQUETAS,26,LABELS,ÉTIQUETTES
26205,TARJETAS,26,CARDS,CARTES
26206,CERTIFICADOS,26,CERTIFICATES,CERTIFICATS
26207,BLOCK,26,BLOCK,BLOC
26208,CARTILLA PAPEL,26,PAPER BOOKLET,LIVRET PAPIER
26209,ROLLOS P/CAJAS REGISTRADORAS,26,ROLLS FOR CASH REGISTERS,ROULEAUX POUR CAISSES ENREGISTREUSES
26210,CINTAS ENTINTADAS,26,INKED RIBBONS,RUBANS ENCRÉS
26211,SOBRES,26,ENVELOPES,ENVELOPPES
27100,EQUIPOS AUTOMOTRICES,27,AUTOMOTIVE EQUIPMENT,ÉQUIPEMENT AUTOMOBILE
27101,MOTOCICLETAS,27,MOTORCYCLES,MOTOS
27102,AUTOS DE PASAJEROS,27,PASSENGER CARS,VOITURES PARTICULIÈRES
27103,EQ.TRANS.LIG.MINIBUSES,27,EQ.TRANS.LIG.MINIBUSES,EQ.TRANS.LIG.MINIBUSES
27104,EQ.TRANS.PESADO Y AUTOBUSES,27,HEAVY TRANSPORT EQUIPMENT AND BUSES,ÉQUIPEMENTS DE TRANSPORT LOURD ET AUTOBUS
27105,EQ. DE CONSTRUCCIÓN,27,CONSTRUCTION EQUIPMENT,ÉQUIPEMENT DE CONSTRUCTION
27106,EQUIPOS INDUSTRIALES,27,INDUSTRIAL EQUIPMENT,ÉQUIPEMENT INDUSTRIEL
27107,EQUIPOS AGRICOLAS,27,AGRICULTURAL EQUIPMENT,ÉQUIPEMENT AGRICOLES
27108,EQUIPOS MINERIA,27,MINING EQUIPMENT,ÉQUIPEMENT MINIER
27200,ACCESORIOS,27,ACCESSORIES,ACCESSOIRES
27201,ALFOMBRAS P/AUTOS,27,CAR PADS,PATINS DE VOITURE
27202,ALARMAS ATOMOTRICES Y SUS ACC.,27,AUTOMOTIVE ALARMS AND THEIR ACCESSORIES,ALARMES AUTOMOBILES ET LEURS ACCESSOIRES
27203,ANTENAS P/AUTOS,27,CAR ANTENNAS,ANTENNES DE VOITURE
27204,PRODUCTOS DE AUXILIO,27,AID PRODUCTS,PRODUITS D'AIDE
27205,COPAS P/AUTOS,27,CAR CUPS,GOBELETS POUR VOITURE
27206,COJINES P/AUTOS,27,CAR CUSHIONS,COUSSINS DE VOITURE
27207,CORTINAS Y PAPELES P/AUTOS,27,CURTAINS AND PAPERS FOR CARS,RIDEAUX ET PAPIER POUR VOITURES
27208,CORNETAS Y PITOS,27,HORNS AND WHISTLES,KLAXONS ET SIFFLETS
27209,ESPEJOS,27,MIRRORS,MIROIRS
27210,FORROS  ASIENTO Y TIMON P/AUT.,27,SEAT AND STEERING WHEEL COVERS FOR AUTOMOTIVE,HOUSSES DE SIÈGE ET DE VOLANT POUR AUTOMOBILE
27211,HERRAMIENTAS AUTOMOTRIZ,27,AUTOMOTIVE TOOLS,OUTILS AUTOMOBILES
27212,PRODUCTOS HIGIENE Y LIMP. AUT.,27,HYGIENE AND CLEANING PRODUCTS,PRODUITS D'HYGIÈNE ET DE NETTOYAGE
27213,JGOS.HERRAMIENTAS AUTOMOTRIZ,27,AUTOMOTIVE TOOL SET,JEU D'OUTILS AUTOMOBILES
27214,LIMPIAPARABRISAS,27,WIPER,ESSUIE-GLACE
27215,LAMPARAS Y LUCES,27,LAMPS AND LIGHTS,LAMPES ET LUMIÈRES
27216,EQUIPOS DE MEDICION P/AUTOS,27,MEASURING EQUIPMENT FOR CARS,ÉQUIPEMENTS DE MESURE POUR VOITURES
27217,MEMOS,27,MEMOS,NOTES DE SERVICE
27218,NEBLINEROS,27,FOG LIGHTS,PHARES ANTIBROUILLARD
27219,OTROS ACC.ELEC.DE 12 V AUTOS,27,OTHER 12V ELECTRICAL ACCESSORIES FOR CARS,AUTRES ACCESSOIRES ÉLECTRIQUES 12V POUR VOITURES
27220,PROTECTORES Y MOLDURAS,27,PROTECTORS AND MOLDINGS,PROTECTIONS ET MOULURES
27221,PORTADORES,27,CARRIERS,TRANSPORTEURS
27222,PRODUCT.QUIM.P/USO AUTOMOTRIZ,27,CHEMICAL PRODUCT FOR AUTOMOTIVE USE,PRODUIT CHIMIQUE À USAGE AUTOMOBILE
27223,PRODUCT.DE SEGURIDAD P/AUTOS,27,CAR SAFETY PRODUCTS,PRODUITS DE SÉCURITÉ AUTOMOBILE
27224,TERMINALES P/BATERIAS,27,BATTERY TERMINALS,BORNES DE BATTERIE
27225,PARTES Y ACCE.P/BICICLETAS,27,PARTS AND ACCESSORIES FOR BICYCLES,PIÈCES ET ACCESSOIRES POUR VÉLOS
27300,NEUMATICOS,27,TIRES,PNEUS
27301,NEUMÁTICOS P/AUTOS DE PASAJERO,27,TIRES FOR PASSENGER CARS,PNEUS POUR VOITURES PARTICULIÈRES
27302,NEUM.P/AUTOS LIG.MINIB.MICROB.,27,TIRES FOR CARS LIG.MINIB.MICROB.,PNEUS POUR VOITURES LIG.MINIB.MICROB.
27303,NEUM. P/TRANSP.PESADO Y AUTOB.,27,TIRES FOR HEAVY TRANSPORT AND BUS,PNEUS POUR CAMIONS ET AUTOBUS
27304,NEUM. P/EQ. DE CONSTRUCCIÓN,27,PNEUM. FOR CONSTRUCTION EQUIPMENT,PNEUM. POUR ÉQUIPEMENTS DE CONSTRUCTION
27305,NEUM. P/EQ. INDUSTRIALES,27,PNEUM. FOR INDUSTRIAL EQUIPMENT,PNEUM. POUR ÉQUIPEMENTS INDUSTRIELS
27306,NEUM. P/EQ. AGRÍCOLAS,27,AGRICULTURAL EQUIPMENT TIRES,PNEUS POUR ÉQUIPEMENTS AGRICOLES
27307,NEUM. P/EQ. DE MINERÍA,27,PNEUM. P/EQ. DE MINERÑA,PNEUM. P/EQ. DE MINERÑA
27308,NEUMATICOS P/MOTOS,27,MOTORCYCLE TIRES,PNEUS DE MOTO
27309,OTROS NEUMATICOS,27,OTHER TIRES,AUTRES PNEUS
27400,CAMARAS,27,CAMERAS,CAMÉRAS
27401,CÁMARAS P/AUTOS DE PASAJEROS,27,CAMERAS FOR PASSENGER CARS,CAMÉRAS POUR VOITURES PARTICULIÈRES
27402,CAM.P/TRANS.LIG.MINIB.MICROB.,27,CAM.P/TRANS.LIG.MINIB.MICROB.,CAM.P/TRANS.LIG.MINIB.MICROB.
27403,CAM. P/TRANS.PESADO Y AUTOBUS,27,CAM. P/TRANS.HEAVY AND BUS,CAM. P/TRANS. LOURD ET BUS
27404,CAM. P/EQUIPOS DE MINERÍA,27,CAM. FOR MINING EQUIPMENT,CAM. POUR ÉQUIPEMENT MINIER
27405,CAM. P/EQUIPOS INDUSTRIALES,27,CAM. FOR INDUSTRIAL EQUIPMENT,CAM. POUR ÉQUIPEMENTS INDUSTRIELS
27406,CAM. P/EQUIPOS AGRÍCOLAS,27,CAM. FOR AGRICULTURAL EQUIPMENT,CAM. POUR ÉQUIPEMENT AGRICOLES
27407,CAM. P/EQUIPOS DE CONSTRUCCIÓN,27,CAM. FOR CONSTRUCTION EQUIPMENT,CAM. POUR ÉQUIPEMENT DE CONSTRUCTION
27408,CAMARAS P/MOTOS,27,Motorcycle Cameras,Caméras pour motos
27500,BATERIAS Y SOLUCION ELECTROL.,27,BATTERIES AND ELECTRONIC SOLUTION.,PILES ET SOLUTIONS ÉLECTRONIQUES.
27501,BATERIAS,27,BATTERIES,BATTERIES
27502,SOLUCIONES ELECTROLITICAS,27,ELECTROLYTE SOLUTIONS,SOLUTIONS ÉLECTROLYTIQUES
27503,ACTIVADOR DE BATERIAS,27,BATTERY ACTIVATOR,ACTIVATEUR DE BATTERIE
27600,PARTES Y PIEZAS AUTOMOT.,27,AUTOMOTIVE PARTS AND COMPONENTS,PIÈCES ET COMPOSANTS AUTOMOBILES
27601,PIEZAS DE REPUESTO,27,SPARE PARTS,DES PIÈCES DE RECHANGE
27602,BUJIAS,27,SPARK PLUGS,BOUGIES D'ALLUMAGE
27603,TANQUES PARA COMBUSTIBLES,27,FUEL TANKS,RÉSERVOIRS DE CARBURANT
27604,BOMBAS,27,PUMPS,POMPES
27700,MATERIAL Y EQUIPO DE PONCHERA,27,PUNCH BOWL MATERIALS AND EQUIPMENT,MATÉRIEL ET ÉQUIPEMENT POUR BOLS À PERCUSSION
27701,MATERIALES DE PONCHE,27,PUNCH MATERIALS,MATÉRIAUX DE PERFORATION
27702,EQUIPO DE PONCHES,27,STRIKEOUT TEAM,ÉQUIPE STRIKEOUT
27800,COMBUSTIBLES,27,FUELS,CARBURANTS
27801,GASOLINA SUPER ESPECIAL,27,SUPER SPECIAL GASOLINE,ESSENCE SUPER SPÉCIALE
27802,GASOLINA ESPECIAL,27,SPECIAL GASOLINE,ESSENCE SPÉCIALE
27803,GASOLINA REGULAR,27,REGULAR GASOLINE,ESSENCE ORDINAIRE
27804,DIESEL SUPERIOR,27,SUPERIOR DIESEL,DIESEL SUPÉRIEUR
27805,DIESEL ESPECIAL,27,SPECIAL DIESEL,DIESEL SPÉCIAL
27806,DIESEL REGULAR,27,REGULAR DIESEL,DIESEL ORDINAIRE
27900,LUBRICANTES,27,LUBRICANTS,LUBRIFIANTS
27901,LUBRICANTES,27,LUBRICANTS,LUBRIFIANTS
27902,ADITIVOS P/LUBRIC.Y COMBUST.,27,LUBRICANT AND FUEL ADDITIVES,ADDITIFS POUR LUBRIFIANTS ET CARBURANTS
27903,ADITIVOS,27,ADDITIVES,ADDITIFS
28100,PLATOS ELABORADOS,28,PREPARED DISHES,PLATS PRÉPARÉS
28101,PIZZAS,28,PIZZAS,PIZZAS
28102,POLLO C/PAPA FRITA,28,CHICKEN WITH FRENCH FRIES,POULET AVEC FRITES
28103,PERROS CALIENTES C/PAN,28,HOT DOGS WITH BUN,HOT-DOGS AVEC PAIN
28104,PASTA DE BOCADITOS,28,SNACK PASTE,PÂTE À COLLATION
28105,HAMBURGUESAS,28,BURGERS,BURGERS
28106,INFUSIONES,28,INFUSIONS,INFUSIONS
28107,SALADITOS,28,SAVORY ITEMS,PLATS SALÉS
28108,HELADOS MONTADOS,28,MOUNTED ICE CREAM,GLACE MONTÉE
28109,COMIDA CHINA,28,CHINESE FOOD,CUISINE CHINOISE
28110,EMPAREDADOS,28,SANDWICHES,SANDWICHS
28111,ENTRANTES,28,STARTERS,DÉPARTS
28112,POSTRES,28,DESSERTS,DESSERTS
28113,SPAGUETTIS,28,SPAGHETTI,SPAGHETTI
28114,PLATOS VARIOS,28,VARIOUS DISHES,PLATS VARIÉS
28200,ALIMENTOS P/LA VENTA,28,FOOD FOR SALE,NOURRITURE À VENDRE
28201,PANES,28,BREADS,PAINS
28202,PALITROQUES,28,STICKS,BÂTONNETS
28203,DULCES,28,SWEETS,BONBONS
28204,CAKE,28,CAKE,GÂTEAU
28205,GALLETAS,28,COOKIES,COOKIES
28300,BEBIDAS Y COCTELERIA P/VENTA,28,DRINKS AND COCKTAILS FOR SALE,BOISSONS ET COCKTAILS À VENDRE
28301,COCTELERIA,28,COCKTAILS,COCKTAILS
28302,TRAGOS,28,DRINKS,BOISSONS
28400,ALIMENTOS P/ LA ELABORACION,28,FOOD FOR PREPARATION,ALIMENTS POUR LA PRÉPARATION
28401,JAMON LASQUEADO,28,SLICED HAM,JAMBON TRANCHÉ
28402,SUB-PRODUCTO DE JAMON,28,HAM BY-PRODUCT,SOUS-PRODUIT DU JAMBON
28403,QUESO LASQUEADO,28,FLAKED CHEESE,FROMAGE EN FLOCONS
28404,QUESO MOLIDO,28,GROUND CHEESE,FROMAGE HACHÉ
28405,QUESOS EN DADOS,28,DICED CHEESE,FROMAGE EN DÉS
28406,BOLITAS DE QUESO,28,CHEESE BALLS,BOULES DE FROMAGE
28407,MORTADELLA LASQUEADA,28,SLICED MORTADELLA,MORTADELLE TRANCHÉE
28408,CHORIZO EN RODAJITAS,28,SLICED CHORIZO,CHORIZO TRANCHÉ
28409,DISCO PIZZA,28,DISCO PIZZA,PIZZA DISCO
28410,MARIPOSITAS CHINAS,28,CHINESE BUTTERFLIES,PAPILLONS CHINOIS
28411,ROLLITOS PRIMAVERA,28,SPRING ROLLS,ROULEAUX DE PRINTEMPS
28412,SALSA AGRIDULCE,28,SWEET AND SOUR SAUCE,SAUCE AIGRE-DOUCE
28413,PIERNA DE CERDO ASADA,28,ROASTED PORK LEG,Jarret de porc rôti
28414,POLLO ADOBADO (281-380 GRS),28,MARINATED CHICKEN (281-380 GRS),POULET MARINÉ (281-380 GR)
28415,CROQUETAS,28,CROQUETTES,CROQUETTES
28499,OTROS,28,OTHERS,AUTRES
28500,OTROS PRODUCTOS P/LA VENTA,28,OTHER PRODUCTS FOR SALE,AUTRES PRODUITS EN VENTE
28501,OTROS PRODUCTOS P/LA VENTA,28,OTHER PRODUCTS FOR SALE,AUTRES PRODUITS EN VENTE
29100,FOTOGRAFIA,29,PHOTOGRAPH,PHOTOGRAPHIER
29101,SERVICIOS FOTOGRAFICOS,29,PHOTOGRAPHIC SERVICES,SERVICES PHOTOGRAPHIQUES
29102,REVELADO E IMPRESION,29,DEVELOPMENT AND PRINTING,DÉVELOPPEMENT ET IMPRESSION
29199,OTROS,29,OTHERS,AUTRES
29201,ALQUILER DE PELICULA BETA,29,BETA MOVIE RENTAL,LOCATION DE FILMS BETA
29202,ALQUILER DE PELICULA VHS,29,VHS MOVIE RENTAL,LOCATION DE FILMS VHS
29203,SERVICIOS DE REP. EQ. (VIDEOS),29,EQUIPMENT REPAIR SERVICES (VIDEOS),SERVICES DE RÉPARATION D'ÉQUIPEMENT (VIDÉOS)
29299,OTROS,29,OTHERS,AUTRES
29301,SERVICIOS DE PONCHERA,29,PUNCH SERVICES,SERVICES PUNCH
29302,SERVICIOS DE FREGADO,29,WASHING SERVICES,SERVICES DE LAVAGE
29303,CAMBIO DE ACEITES,29,OIL CHANGE,VIDANGE
29304,SERVICIAR BATERIAS,29,SERVICING BATTERIES,ENTRETIEN DES BATTERIES
29305,CAMBIO DE NEUMATICO Y CAMARA,29,TIRE AND TUBE CHANGE,CHANGEMENT DE PNEUS ET DE CHAMBRE À AIR
29399,OTROS,29,OTHERS,AUTRES
29400,RECREATIVOS,29,RECREATIONAL,RÉCRÉATIF
29401,CARROS LOCOS,29,CRAZY CARS,VOITURES FOLLES
29402,MOTOR Y PAJARITO (FICHAS),29,MOTOR AND LITTLE BIRD (TOKENS),MOTEUR ET PETIT OISEAU (JETONS)
29403,HOCKY (FICHAS),29,HOCKY (TOKENS),HOCKY (JETONS)
29404,RENTA DE MOTOS,29,MOTORCYCLE RENTAL,LOCATION DE MOTOS
29405,RENTA DE PATINES,29,SKATE RENTAL,LOCATION DE PATINS
29406,BILLAR,29,BILLIARDS,BILLARD
29407,BOLERA,29,BOWLING ALLEY,PISTE DE BOWLING
29408,ARGOLLAS,29,RINGS,ANNEAUX
29499,OTROS,29,OTHERS,AUTRES
29500,OTROS SERVICIOS,29,OTHER SERVICES,AUTRES SERVICES
29501,ENVOLTURA DE REGALO,29,GIFT WRAPPING,EMBALLAGE CADEAU
29502,TABAQUERO,29,TOBACCONIST,MARCHAND DE TABAC
29599,OTROS,29,OTHERS,AUTRES
